{
	"name": "ObjectDB",
	"layers": [
		{
			"name": "Layer 0",
			"overriden": 0,
			"subLayers": [],
			"instances": [
				{
					"type": "LavaBubble",
					"properties": {
						"initially-visible": true,
						"initial-animation": "Default",
						"initial-frame": 0,
						"enable-collisions": false,
						"live-preview": false
					},
					"uid": 16,
					"instanceVariables": {
						"InitialX": 0,
						"InitialY": 0
					},
					"behaviors": {},
					"world": {
						"x": 17,
						"y": 23,
						"width": 16,
						"height": 16,
						"originX": 0,
						"originY": 0.5,
						"color": [
							1,
							1,
							1,
							1
						],
						"angle": 4.71238898038469,
						"zElevation": 0
					}
				},
				{
					"type": "DistortionMask",
					"properties": {
						"initially-visible": true,
						"initial-animation": "Default",
						"initial-frame": 0,
						"enable-collisions": true,
						"live-preview": false
					},
					"uid": 18,
					"instanceVariables": {},
					"behaviors": {
						"Sine": {
							"properties": {
								"movement": "size",
								"wave": "sine",
								"period": 4,
								"period-random": 1,
								"period-offset": 0,
								"period-offset-random": 4,
								"magnitude": 8,
								"magnitude-random": 4,
								"enabled": true,
								"live-preview": false
							}
						}
					},
					"effects": {
						"BlurHorizontal": {
							"isEnabled": true,
							"parameters": {
								"intensity": 1
							}
						},
						"BlurVertical": {
							"isEnabled": true,
							"parameters": {
								"intensity": 1
							}
						},
						"WarpObjectMask": {
							"isEnabled": true,
							"parameters": {
								"x-frequency": 2,
								"y-frequency": 2,
								"x-amplitude": 0.5,
								"y-amplitude": 0.5,
								"x-speed": 0.25,
								"y-speed": 0.25
							}
						}
					},
					"world": {
						"x": 72,
						"y": 36,
						"width": 64,
						"height": 64,
						"originX": 0.5,
						"originY": 0.5,
						"color": [
							1,
							1,
							1,
							1
						],
						"angle": 0,
						"zElevation": 0
					}
				},
				{
					"type": "Shell",
					"properties": {
						"initially-visible": true,
						"initial-animation": "Default",
						"initial-frame": 0,
						"enable-collisions": true,
						"live-preview": false
					},
					"uid": 20,
					"instanceVariables": {},
					"behaviors": {
						"Bullet": {
							"properties": {
								"speed": 160,
								"acceleration": 0,
								"gravity": 1024,
								"bounce-off-solids": false,
								"set-angle": false,
								"step": false,
								"enabled": true
							}
						},
						"Rotate": {
							"properties": {
								"speed": 0,
								"acceleration": 0,
								"enabled": true,
								"live-preview": false
							}
						},
						"Tween": {
							"properties": {
								"enabled": true
							}
						}
					},
					"world": {
						"x": 45,
						"y": 22,
						"width": 32,
						"height": 16,
						"originX": 0.5,
						"originY": 0.5,
						"color": [
							1,
							1,
							1,
							1
						],
						"angle": 0,
						"zElevation": 0
					}
				},
				{
					"type": "Bullet",
					"properties": {
						"initially-visible": true,
						"initial-animation": "Default",
						"initial-frame": 0,
						"enable-collisions": true,
						"live-preview": false
					},
					"uid": 21,
					"instanceVariables": {},
					"behaviors": {
						"Bullet": {
							"properties": {
								"speed": 512,
								"acceleration": 0,
								"gravity": 0,
								"bounce-off-solids": false,
								"set-angle": true,
								"step": true,
								"enabled": true
							}
						}
					},
					"world": {
						"x": 9,
						"y": -11,
						"width": 26,
						"height": 14,
						"originX": 0.11538461538461539,
						"originY": 0.5,
						"color": [
							1,
							1,
							1,
							1
						],
						"angle": 0,
						"zElevation": 0
					}
				},
				{
					"type": "Gun",
					"properties": {
						"initially-visible": true,
						"initial-animation": "Default",
						"initial-frame": 0,
						"enable-collisions": false,
						"live-preview": false
					},
					"uid": 22,
					"instanceVariables": {},
					"behaviors": {
						"Pin": {
							"properties": {
								"destroy": false
							}
						}
					},
					"world": {
						"x": 43,
						"y": -8,
						"width": 52,
						"height": 16,
						"originX": 0.375,
						"originY": 0.5,
						"color": [
							1,
							1,
							1,
							1
						],
						"angle": 0,
						"zElevation": 0
					}
				},
				{
					"type": "Enemy",
					"properties": {
						"initially-visible": false,
						"initial-animation": "Animation 1",
						"initial-frame": 0,
						"enable-collisions": true,
						"live-preview": false
					},
					"uid": 3,
					"instanceVariables": {
						"HP": 3,
						"Type": "Pink"
					},
					"behaviors": {
						"Platform": {
							"properties": {
								"max-speed": 330,
								"acceleration": 1500,
								"deceleration": 1500,
								"jump-strength": 650,
								"gravity": 512,
								"max-fall-speed": 512,
								"double-jump": false,
								"jump-sustain": 0,
								"default-controls": false,
								"enabled": false
							}
						},
						"Pin": {
							"properties": {
								"destroy": false
							}
						},
						"Solid": {
							"properties": {
								"enabled": false,
								"tags": ""
							}
						},
						"Tween": {
							"properties": {
								"enabled": true
							}
						},
						"MoveTo": {
							"properties": {
								"max-speed": 180,
								"acceleration": 10000,
								"deceleration": 10000,
								"rotate-speed": 10000,
								"set-angle": false,
								"stop-on-solids": false,
								"enabled": true
							}
						},
						"Timer": {
							"properties": {}
						},
						"Sway": {
							"properties": {
								"movement": "vertical",
								"wave": "sine",
								"period": 1.6,
								"period-random": 0,
								"period-offset": 0,
								"period-offset-random": 0,
								"magnitude": 3,
								"magnitude-random": 0,
								"enabled": true,
								"live-preview": false
							}
						},
						"Shake": {
							"properties": {
								"movement": "horizontal",
								"wave": "sine",
								"period": 0.24,
								"period-random": 0,
								"period-offset": 0,
								"period-offset-random": 0,
								"magnitude": 2,
								"magnitude-random": 0,
								"enabled": false,
								"live-preview": false
							}
						}
					},
					"effects": {
						"Hurt": {
							"isEnabled": true,
							"parameters": {
								"brightness": 1
							}
						}
					},
					"world": {
						"x": 89,
						"y": 21,
						"width": 32,
						"height": 32,
						"originX": 0.5,
						"originY": 0.5,
						"color": [
							1,
							1,
							1,
							1
						],
						"angle": 0,
						"zElevation": 0
					}
				},
				{
					"type": "DiagChoice",
					"properties": {
						"initially-visible": true,
						"initial-animation": "Animation 1",
						"initial-frame": 0,
						"enable-collisions": true,
						"live-preview": false
					},
					"uid": 33,
					"instanceVariables": {
						"Choice": 0
					},
					"behaviors": {},
					"world": {
						"x": 322,
						"y": -31,
						"width": 244,
						"height": 24,
						"originX": 0.5,
						"originY": 0.5,
						"color": [
							1,
							1,
							1,
							1
						],
						"angle": 0,
						"zElevation": 0
					}
				},
				{
					"type": "DiagChoiceText",
					"properties": {
						"text": "This is some sample text.",
						"enable-bbcode": true,
						"character-width": 9,
						"character-height": 10,
						"character-set": "abcdefghijklmnopqrstuvwxyzABCDEFGHIJKLMNOPQRSTUVWXYZ1234567890:+-,.!?%#'`\"@$_",
						"spacing-data": "[\n[8,\"Wmw@\"],\n[7,\"MV%\"],\n[6,\"ABCDLEFGHKNOPQRSTUXYZabcdeghknopqsuvxyz?023456789\"],\n[5,\"JLtfz\"],\n[4,\"jr-\"],\n[3,\"Il,1 \"],\n[2,\"i.!:'\"]\n]",
						"scale": 1,
						"character-spacing": 1,
						"line-height": 1,
						"horizontal-alignment": "left",
						"vertical-alignment": "top",
						"wrapping": "word",
						"initially-visible": true,
						"origin": "center",
						"read-aloud": false
					},
					"uid": 34,
					"instanceVariables": {
						"Type": "Results"
					},
					"behaviors": {
						"Pin": {
							"properties": {
								"destroy": false
							}
						}
					},
					"sceneGraphData": {
						"parent-uid": null,
						"uid": 34,
						"flags": {
							"x": true,
							"y": true,
							"z": false,
							"w": false,
							"h": false,
							"a": false,
							"o": false,
							"v": false,
							"d": true,
							"sm": "normal"
						},
						"preview": {
							"transformX": 0,
							"transformY": 0,
							"transformZElevation": 0,
							"transformW": 0,
							"transformH": 0,
							"transformA": 0,
							"transformSX": 0,
							"transformSY": 0,
							"transformO": 0,
							"previewSceneGraph": false
						}
					},
					"world": {
						"x": 322,
						"y": -31,
						"width": 224,
						"height": 10,
						"originX": 0.5,
						"originY": 0.5,
						"color": [
							0,
							0,
							0,
							1
						],
						"angle": 0,
						"zElevation": 0
					}
				},
				{
					"type": "Muzzle",
					"properties": {
						"initially-visible": true,
						"initial-animation": "Animation 1",
						"initial-frame": 0,
						"enable-collisions": true,
						"live-preview": false
					},
					"uid": 68,
					"instanceVariables": {},
					"behaviors": {
						"Pin": {
							"properties": {
								"destroy": false
							}
						},
						"Fade": {
							"properties": {
								"fade-in-time": 0,
								"wait-time": 0.1,
								"fade-out-time": 0.01,
								"destroy": true,
								"enabled": true,
								"live-preview": false
							}
						}
					},
					"world": {
						"x": 59,
						"y": -39,
						"width": 24,
						"height": 24,
						"originX": 0.5,
						"originY": 0.5,
						"color": [
							1,
							1,
							1,
							1
						],
						"angle": 0,
						"zElevation": 0
					}
				},
				{
					"type": "LavaFlowParticles",
					"properties": {
						"rate": 32,
						"spray-cone": 30,
						"type": "one-shot",
						"object": -1,
						"initially-visible": true,
						"live-preview": false,
						"speed": 64,
						"size": 8,
						"opacity": 100,
						"grow-rate": 0,
						"x-randomiser": 8,
						"y-randomiser": 0,
						"initial-speed-randomiser": 64,
						"size-randomiser": 4,
						"grow-rate-randomiser": 0,
						"acceleration": 0,
						"gravity": 256,
						"angle-randomiser": 0,
						"life-speed-randomiser": 0,
						"opacity-randomiser": 0,
						"destroy-mode": "timeout-expired",
						"timeout": 2
					},
					"uid": 14,
					"instanceVariables": {},
					"behaviors": {
						"Timer": {
							"properties": {}
						}
					},
					"effects": {
						"BetterOutline": {
							"isEnabled": true,
							"parameters": {
								"color": [
									0.8196078431372549,
									0.11372549019607843,
									0.09019607843137255,
									1
								],
								"width": 2,
								"precision-step": 1,
								"samples": 16
							}
						}
					},
					"world": {
						"x": -50,
						"y": 34,
						"width": 16,
						"height": 16,
						"originX": 0,
						"originY": 0.5,
						"color": [
							1,
							1,
							1,
							1
						],
						"angle": 4.71238898038469,
						"zElevation": 0,
						"blendMode": "additive"
					}
				},
				{
					"type": "BulletTrail",
					"properties": {
						"initially-visible": true,
						"initial-animation": "Player",
						"initial-frame": 0,
						"enable-collisions": true,
						"live-preview": false
					},
					"uid": 69,
					"instanceVariables": {},
					"behaviors": {},
					"world": {
						"x": 15,
						"y": -32,
						"width": 16,
						"height": 16,
						"originX": 0.5,
						"originY": 0.5,
						"color": [
							1,
							1,
							1,
							1
						],
						"angle": 0,
						"zElevation": 0
					}
				},
				{
					"type": "EnemySprite",
					"properties": {
						"initially-visible": true,
						"initial-animation": "PinkActive",
						"initial-frame": 0,
						"enable-collisions": true,
						"live-preview": false
					},
					"uid": 76,
					"instanceVariables": {},
					"behaviors": {},
					"effects": {
						"Hurt": {
							"isEnabled": true,
							"parameters": {
								"brightness": 1
							}
						}
					},
					"world": {
						"x": 131,
						"y": 21,
						"width": 38,
						"height": 34,
						"originX": 0.5,
						"originY": 0.5,
						"color": [
							1,
							1,
							1,
							1
						],
						"angle": 0,
						"zElevation": 0
					}
				},
				{
					"type": "EnemyEye",
					"properties": {
						"initially-visible": true,
						"initial-animation": "Animation 1",
						"initial-frame": 0,
						"enable-collisions": true,
						"live-preview": false
					},
					"uid": 77,
					"instanceVariables": {},
					"behaviors": {
						"Timer": {
							"properties": {}
						}
					},
					"world": {
						"x": 131,
						"y": 14,
						"width": 14,
						"height": 12,
						"originX": 0.5,
						"originY": 0.5,
						"color": [
							1,
							1,
							1,
							1
						],
						"angle": 0,
						"zElevation": 0
					}
				},
				{
					"type": "EnemyWing",
					"properties": {
						"initially-visible": true,
						"initial-animation": "Pink",
						"initial-frame": 0,
						"enable-collisions": true,
						"live-preview": false
					},
					"uid": 79,
					"instanceVariables": {},
					"behaviors": {},
					"world": {
						"x": 131,
						"y": 21,
						"width": 32,
						"height": 48,
						"originX": -0.375,
						"originY": 0.5833333333333334,
						"color": [
							1,
							1,
							1,
							1
						],
						"angle": 0,
						"zElevation": 0
					}
				},
				{
					"type": "EnemyBullet",
					"properties": {
						"initially-visible": true,
						"initial-animation": "Rotate",
						"initial-frame": 0,
						"enable-collisions": true,
						"live-preview": false
					},
					"uid": 80,
					"instanceVariables": {},
					"behaviors": {
						"Bullet": {
							"properties": {
								"speed": 220,
								"acceleration": 0,
								"gravity": 0,
								"bounce-off-solids": false,
								"set-angle": true,
								"step": false,
								"enabled": true
							}
						},
						"Turret": {
							"properties": {
								"range": 160,
								"rate-of-fire": 1,
								"rotate": true,
								"rotate-speed": 60,
								"target-mode": "first-in-range",
								"predictive-aim": false,
								"projectile-speed": 500,
								"use-collision-cells": true,
								"enabled": false
							}
						},
						"DestroyOutsideLayout": {
							"properties": {}
						}
					},
					"world": {
						"x": 14,
						"y": -57,
						"width": 18,
						"height": 18,
						"originX": 0.5,
						"originY": 0.5,
						"color": [
							1,
							1,
							1,
							1
						],
						"angle": 0,
						"zElevation": 0
					}
				},
				{
					"type": "BulletHit",
					"properties": {
						"initially-visible": true,
						"initial-animation": "Animation 1",
						"initial-frame": 0,
						"enable-collisions": true,
						"live-preview": false
					},
					"uid": 81,
					"instanceVariables": {},
					"behaviors": {
						"Pin": {
							"properties": {
								"destroy": false
							}
						},
						"Fade": {
							"properties": {
								"fade-in-time": 0,
								"wait-time": 0.1,
								"fade-out-time": 0.01,
								"destroy": true,
								"enabled": true,
								"live-preview": false
							}
						}
					},
					"world": {
						"x": 43,
						"y": -84,
						"width": 24,
						"height": 24,
						"originX": 0.5,
						"originY": 0.5,
						"color": [
							1,
							1,
							1,
							1
						],
						"angle": 0,
						"zElevation": 0
					}
				},
				{
					"type": "DustParticles",
					"properties": {
						"rate": 16,
						"spray-cone": 60,
						"type": "one-shot",
						"object": -1,
						"initially-visible": true,
						"live-preview": false,
						"speed": 64,
						"size": 8,
						"opacity": 100,
						"grow-rate": -2,
						"x-randomiser": 32,
						"y-randomiser": 0,
						"initial-speed-randomiser": 24,
						"size-randomiser": 8,
						"grow-rate-randomiser": 0,
						"acceleration": -40,
						"gravity": 40,
						"angle-randomiser": 0,
						"life-speed-randomiser": 0,
						"opacity-randomiser": 0,
						"destroy-mode": "fade-to-invisible",
						"timeout": 1.6
					},
					"uid": 92,
					"instanceVariables": {},
					"behaviors": {},
					"world": {
						"x": 166,
						"y": -59,
						"width": 40,
						"height": 40,
						"originX": 0,
						"originY": 0.5,
						"color": [
							1,
							1,
							1,
							1
						],
						"angle": 4.71238898038469,
						"zElevation": 0
					}
				},
				{
					"type": "HeartEffect",
					"properties": {
						"initially-visible": true,
						"initial-animation": "Animation 1",
						"initial-frame": 0,
						"enable-collisions": true,
						"live-preview": false
					},
					"uid": 97,
					"instanceVariables": {},
					"behaviors": {
						"Tween": {
							"properties": {
								"enabled": true
							}
						}
					},
					"world": {
						"x": 60,
						"y": -135,
						"width": 18,
						"height": 17,
						"originX": 0.5,
						"originY": 0.47058823529411764,
						"color": [
							1,
							1,
							1,
							1
						],
						"angle": 0,
						"zElevation": 0
					}
				},
				{
					"type": "MenuBG",
					"properties": {
						"left-margin": 20,
						"right-margin": 20,
						"top-margin": 6,
						"bottom-margin": 6,
						"edges": "stretch",
						"fill": "tile",
						"initially-visible": true,
						"origin": "center",
						"seams": "overlap"
					},
					"uid": 128,
					"instanceVariables": {},
					"behaviors": {
						"Tween": {
							"properties": {
								"enabled": true
							}
						}
					},
					"effects": {
						"ReplaceSolidColor": {
							"isEnabled": true,
							"parameters": {
								"source-color": [
									0,
									0,
									0,
									1
								],
								"replace-color": [
									0,
									0,
									0,
									1
								],
								"tolerance": 0.3
							}
						},
						"BetterOutline": {
							"isEnabled": true,
							"parameters": {
								"color": [
									0,
									0,
									0,
									1
								],
								"width": 2,
								"precision-step": 1,
								"samples": 16
							}
						}
					},
					"world": {
						"x": 252,
						"y": 24,
						"width": 48,
						"height": 16,
						"originX": 0.5,
						"originY": 0.5,
						"color": [
							1,
							1,
							1,
							1
						],
						"angle": 0,
						"zElevation": 0
					}
				},
				{
					"type": "CreditsText",
					"properties": {
						"text": "",
						"enable-bbcode": true,
						"character-width": 9,
						"character-height": 10,
						"character-set": "abcdefghijklmnopqrstuvwxyzABCDEFGHIJKLMNOPQRSTUVWXYZ1234567890:+-,.!?%#'`\"@&_",
						"spacing-data": "[\n[8,\"Wmw@&\"],\n[7,\"MV%\"],\n[6,\"ABCDLEFGHKNOPQRSTUXYZabcdeghknopqsuvxyz?023456789_\"],\n[5,\"JLtfz\"],\n[4,\"jr-\"],\n[3,\"Il,1 \"],\n[2,\"i.!:'\"]\n]",
						"scale": 1,
						"character-spacing": 1,
						"line-height": 1,
						"horizontal-alignment": "center",
						"vertical-alignment": "center",
						"wrapping": "word",
						"initially-visible": true,
						"origin": "center",
						"read-aloud": false
					},
					"uid": 129,
					"instanceVariables": {},
					"behaviors": {
						"Tween": {
							"properties": {
								"enabled": true
							}
						}
					},
					"sceneGraphData": {
						"parent-uid": null,
						"uid": 129,
						"flags": {
							"x": true,
							"y": true,
							"z": false,
							"w": false,
							"h": false,
							"a": false,
							"o": false,
							"v": false,
							"d": true,
							"sm": "normal"
						},
						"preview": {
							"transformX": 0,
							"transformY": 0,
							"transformZElevation": 0,
							"transformW": 2.220446049250313e-16,
							"transformH": 2.220446049250313e-16,
							"transformA": 0,
							"transformSX": 0,
							"transformSY": 0,
							"transformO": 0,
							"previewSceneGraph": false
						}
					},
					"world": {
						"x": 387,
						"y": 98,
						"width": 200,
						"height": 176,
						"originX": 0.5,
						"originY": 0.5,
						"color": [
							1,
							1,
							1,
							1
						],
						"angle": 0,
						"zElevation": 0
					}
				},
				{
					"type": "GameOver",
					"properties": {
						"initially-visible": true,
						"initial-animation": "9",
						"initial-frame": 0,
						"enable-collisions": true,
						"live-preview": false
					},
					"uid": 130,
					"instanceVariables": {},
					"behaviors": {
						"Sine": {
							"properties": {
								"movement": "horizontal",
								"wave": "sine",
								"period": 2.2,
								"period-random": 0,
								"period-offset": 0.8,
								"period-offset-random": 0,
								"magnitude": 4,
								"magnitude-random": 0,
								"enabled": true,
								"live-preview": false
							}
						},
						"Sine3": {
							"properties": {
								"movement": "angle",
								"wave": "sine",
								"period": 2,
								"period-random": 0,
								"period-offset": 0,
								"period-offset-random": 0,
								"magnitude": 2,
								"magnitude-random": 0,
								"enabled": true,
								"live-preview": false
							}
						}
					},
					"world": {
						"x": 331,
						"y": -116,
						"width": 166,
						"height": 27,
						"originX": 0.5060240963855421,
						"originY": 0.48148148148148145,
						"color": [
							1,
							1,
							1,
							1
						],
						"angle": 0,
						"zElevation": 0
					}
				},
				{
					"type": "DeathEffect",
					"properties": {
						"initially-visible": true,
						"initial-animation": "Animation 1",
						"initial-frame": 0,
						"enable-collisions": true,
						"live-preview": false
					},
					"uid": 134,
					"instanceVariables": {},
					"behaviors": {
						"Bullet": {
							"properties": {
								"speed": 64,
								"acceleration": 0,
								"gravity": 0,
								"bounce-off-solids": false,
								"set-angle": false,
								"step": false,
								"enabled": true
							}
						}
					},
					"world": {
						"x": -10,
						"y": -97,
						"width": 16,
						"height": 16,
						"originX": 0.5,
						"originY": 0.5,
						"color": [
							1,
							1,
							1,
							1
						],
						"angle": 0,
						"zElevation": 0
					}
				},
				{
					"type": "Heart",
					"properties": {
						"initially-visible": true,
						"initial-animation": "Animation 1",
						"initial-frame": 0,
						"enable-collisions": true,
						"live-preview": false
					},
					"uid": 164,
					"instanceVariables": {},
					"behaviors": {
						"Platform": {
							"properties": {
								"max-speed": 330,
								"acceleration": 1500,
								"deceleration": 1500,
								"jump-strength": 650,
								"gravity": 512,
								"max-fall-speed": 512,
								"double-jump": false,
								"jump-sustain": 0,
								"default-controls": false,
								"enabled": true
							}
						}
					},
					"world": {
						"x": 118,
						"y": -22,
						"width": 22,
						"height": 20,
						"originX": 0.5,
						"originY": 0.6,
						"color": [
							1,
							1,
							1,
							1
						],
						"angle": 0,
						"zElevation": 0
					}
				},
				{
					"type": "Explosion",
					"properties": {
						"initially-visible": true,
						"initial-animation": "Explosion",
						"initial-frame": 0,
						"enable-collisions": true,
						"live-preview": false
					},
					"uid": 165,
					"instanceVariables": {},
					"behaviors": {},
					"world": {
						"x": 98,
						"y": -67,
						"width": 59,
						"height": 57,
						"originX": 0.4745762711864407,
						"originY": 0.49122807017543857,
						"color": [
							1,
							1,
							1,
							1
						],
						"angle": 0,
						"zElevation": 0
					}
				}
			],
			"sid": 765719688693629,
			"effectTypes": [],
			"isInitiallyVisible": true,
			"isInitiallyInteractive": true,
			"isHTMLElementsLayer": false,
			"color": [
				1,
				1,
				1,
				1
			],
			"backgroundColor": [
				0.3686274509803922,
				0.3686274509803922,
				0.3686274509803922,
				1
			],
			"isTransparent": false,
			"parallaxX": 1,
			"parallaxY": 1,
			"scaleRate": 1,
			"forceOwnTexture": false,
			"renderingMode": "3d",
			"drawOrder": "z-order",
			"useRenderCells": false,
			"blendMode": "normal",
			"zElevation": 0,
			"global": false
		}
	],
	"sid": 827484455329526,
	"nonworld-instances": [],
	"effectTypes": [],
	"width": 640,
	"height": 360,
	"unboundedScrolling": false,
	"vpX": 0.5,
	"vpY": 0.5,
	"projection": "perspective",
	"eventSheet": null
}