{
	"name": "Logo",
	"layers": [
		{
			"name": "Layer 0",
			"overriden": 0,
			"subLayers": [],
			"instances": [
				{
					"type": "FeatureKreep",
					"properties": {
						"initially-visible": true,
						"initial-animation": "Animation 1",
						"initial-frame": 0,
						"enable-collisions": true,
						"live-preview": false
					},
					"uid": 101,
					"instanceVariables": {},
					"behaviors": {
						"Tween": {
							"properties": {
								"enabled": true
							}
						}
					},
					"world": {
						"x": 320,
						"y": 124,
						"width": 116,
						"height": 20,
						"originX": 0.9827586206896551,
						"originY": 0.5,
						"color": [
							1,
							1,
							1,
							1
						],
						"angle": 0,
						"zElevation": 0
					}
				},
				{
					"type": "FeatureKreepLogo",
					"properties": {
						"initially-visible": true,
						"initial-animation": "Default",
						"initial-frame": 0,
						"enable-collisions": true,
						"live-preview": false
					},
					"uid": 102,
					"instanceVariables": {},
					"behaviors": {
						"Tween": {
							"properties": {
								"enabled": true
							}
						}
					},
					"world": {
						"x": 323,
						"y": 124,
						"width": 240,
						"height": 30,
						"originX": 0.5020833333333333,
						"originY": 0.5,
						"color": [
							1,
							1,
							1,
							1
						],
						"angle": 0,
						"zElevation": 0
					}
				},
				{
					"type": "Presents",
					"properties": {
						"text": "",
						"enable-bbcode": true,
						"character-width": 12,
						"character-height": 16,
						"character-set": "ABCDEFGHIJKLMNOPQRSTUVWXYZabcdefghijklmnopqrstuvwxyz0123456789.,!?'-()/:+=",
						"spacing-data": "[[10,\"MWmw\"],[8,\"aegknqsNTY04689?\"],[7,\"ABCDEFGHKOPQRSUVXZbcdhpnovxz2357\"],[6,\"IJLfstuy1/+=\"],[5,\"jr\"],[4,\"-()\"],[3,\",' \"],[2,\"il.!:\"]]",
						"scale": 1,
						"character-spacing": 1,
						"line-height": -1,
						"horizontal-alignment": "center",
						"vertical-alignment": "top",
						"wrapping": "word",
						"initially-visible": true,
						"origin": "top",
						"read-aloud": false
					},
					"uid": 103,
					"instanceVariables": {
						"Content": "",
						"Translate": true
					},
					"behaviors": {
						"Tween": {
							"properties": {
								"enabled": true
							}
						}
					},
					"sceneGraphData": {
						"parent-uid": null,
						"uid": 103,
						"flags": {
							"x": false,
							"y": true,
							"z": false,
							"w": false,
							"h": false,
							"a": false,
							"o": false,
							"v": false,
							"d": false,
							"sm": "normal"
						},
						"preview": {
							"transformX": 0,
							"transformY": 0,
							"transformZElevation": 0,
							"transformW": 0,
							"transformH": 0,
							"transformA": 0,
							"transformSX": 0,
							"transformSY": 0,
							"transformO": 0,
							"previewSceneGraph": false
						}
					},
					"world": {
						"x": 323,
						"y": 140,
						"width": 248,
						"height": 35,
						"originX": 0.5,
						"originY": 0,
						"color": [
							1,
							1,
							1,
							1
						],
						"angle": 0,
						"zElevation": 0
					}
				},
				{
					"type": "CursorSprite",
					"properties": {
						"initially-visible": true,
						"initial-animation": "Animation 1",
						"initial-frame": 0,
						"enable-collisions": true,
						"live-preview": false
					},
					"uid": 67,
					"instanceVariables": {},
					"behaviors": {},
					"world": {
						"x": 319,
						"y": 214,
						"width": 38,
						"height": 38,
						"originX": 0.15789473684210525,
						"originY": 0.13157894736842105,
						"color": [
							1,
							1,
							1,
							1
						],
						"angle": 0,
						"zElevation": 0
					}
				}
			],
			"sid": 427953919727851,
			"effectTypes": [],
			"isInitiallyVisible": true,
			"isInitiallyInteractive": true,
			"isHTMLElementsLayer": false,
			"color": [
				1,
				1,
				1,
				1
			],
			"backgroundColor": [
				0,
				0,
				0,
				1
			],
			"isTransparent": false,
			"parallaxX": 1,
			"parallaxY": 1,
			"scaleRate": 1,
			"forceOwnTexture": false,
			"renderingMode": "3d",
			"drawOrder": "z-order",
			"useRenderCells": false,
			"blendMode": "normal",
			"zElevation": 0,
			"global": false
		}
	],
	"sid": 846418772259469,
	"nonworld-instances": [],
	"effectTypes": [],
	"width": 640,
	"height": 360,
	"unboundedScrolling": false,
	"vpX": 0.5,
	"vpY": 0.5,
	"projection": "perspective",
	"eventSheet": "eLogo"
}