{
	"name": "Intro",
	"layers": [
		{
			"name": "BG",
			"overriden": 0,
			"subLayers": [],
			"instances": [
				{
					"type": "IntroBG",
					"properties": {
						"initially-visible": true,
						"initial-animation": "Animation 1",
						"initial-frame": 0,
						"enable-collisions": true,
						"live-preview": false
					},
					"uid": 98,
					"instanceVariables": {},
					"behaviors": {},
					"effects": {
						"BlurHorizontal": {
							"isEnabled": true,
							"parameters": {
								"intensity": 1
							}
						},
						"BlurVertical": {
							"isEnabled": true,
							"parameters": {
								"intensity": 1
							}
						}
					},
					"world": {
						"x": 344,
						"y": 309,
						"width": 300,
						"height": 300,
						"originX": 0.5735294117647058,
						"originY": 0.47549019607843135,
						"color": [
							1,
							1,
							1,
							1
						],
						"angle": 0,
						"zElevation": 0
					}
				}
			],
			"sid": 818589282006354,
			"effectTypes": [],
			"isInitiallyVisible": true,
			"isInitiallyInteractive": true,
			"isHTMLElementsLayer": false,
			"color": [
				1,
				1,
				1,
				1
			],
			"backgroundColor": [
				0.21568627450980393,
				0.20392156862745098,
				0.20392156862745098,
				1
			],
			"isTransparent": false,
			"parallaxX": 1,
			"parallaxY": 1,
			"scaleRate": 1,
			"forceOwnTexture": false,
			"renderingMode": "3d",
			"drawOrder": "z-order",
			"useRenderCells": false,
			"blendMode": "normal",
			"zElevation": 0,
			"global": false
		},
		{
			"name": "Intro",
			"overriden": 0,
			"subLayers": [],
			"instances": [
				{
					"type": "SuccubossBody",
					"properties": {
						"initially-visible": true,
						"initial-animation": "Animation 1",
						"initial-frame": 0,
						"enable-collisions": true,
						"live-preview": false
					},
					"uid": 28,
					"instanceVariables": {},
					"behaviors": {},
					"world": {
						"x": 329,
						"y": 284,
						"width": 122,
						"height": 167,
						"originX": 0.5,
						"originY": 0.503030303030303,
						"color": [
							1,
							1,
							1,
							1
						],
						"angle": 0,
						"zElevation": 0
					}
				},
				{
					"type": "SuccubossAccessories",
					"properties": {
						"initially-visible": true,
						"initial-animation": "Animation 1",
						"initial-frame": 0,
						"enable-collisions": true,
						"live-preview": false
					},
					"uid": 30,
					"instanceVariables": {},
					"behaviors": {
						"Sine": {
							"properties": {
								"movement": "horizontal",
								"wave": "sine",
								"period": 0.2,
								"period-random": 0,
								"period-offset": 0,
								"period-offset-random": 0,
								"magnitude": 2,
								"magnitude-random": 0,
								"enabled": false,
								"live-preview": false
							}
						}
					},
					"world": {
						"x": 320,
						"y": 285,
						"width": 96,
						"height": 52,
						"originX": 0.5,
						"originY": 0.8269230769230768,
						"color": [
							1,
							1,
							1,
							1
						],
						"angle": 0,
						"zElevation": 0
					}
				},
				{
					"type": "SuccubusHorns",
					"properties": {
						"initially-visible": true,
						"initial-animation": "Animation 1",
						"initial-frame": 0,
						"enable-collisions": true,
						"live-preview": false
					},
					"uid": 70,
					"instanceVariables": {},
					"behaviors": {},
					"world": {
						"x": 320,
						"y": 116,
						"width": 148,
						"height": 54,
						"originX": 0.5,
						"originY": 0.7962962962962963,
						"color": [
							1,
							1,
							1,
							1
						],
						"angle": 0,
						"zElevation": 0
					}
				},
				{
					"type": "SuccubossHead",
					"properties": {
						"initially-visible": true,
						"initial-animation": "Animation 1",
						"initial-frame": 0,
						"enable-collisions": true,
						"live-preview": false
					},
					"uid": 29,
					"instanceVariables": {},
					"behaviors": {},
					"sceneGraphData": {
						"parent-uid": null,
						"uid": 29,
						"children": [
							{
								"uid": 75,
								"flags": {
									"x": true,
									"y": true,
									"z": true,
									"w": true,
									"h": true,
									"a": true,
									"o": false,
									"v": false,
									"d": true,
									"sm": "normal"
								}
							}
						],
						"flags": {
							"x": true,
							"y": true,
							"z": true,
							"w": true,
							"h": true,
							"a": true,
							"o": false,
							"v": false,
							"d": true,
							"sm": "normal"
						},
						"preview": {
							"transformX": 0,
							"transformY": 0,
							"transformZElevation": 0,
							"transformW": 0,
							"transformH": 0,
							"transformA": 0,
							"transformSX": 0,
							"transformSY": 0,
							"transformO": 0,
							"previewSceneGraph": false
						}
					},
					"world": {
						"x": 320,
						"y": 147,
						"width": 136,
						"height": 117,
						"originX": 0.5,
						"originY": 0.5042735042735043,
						"color": [
							1,
							1,
							1,
							1
						],
						"angle": 0,
						"zElevation": 0
					}
				},
				{
					"type": "SuccubusEar",
					"properties": {
						"initially-visible": true,
						"initial-animation": "Left",
						"initial-frame": 0,
						"enable-collisions": true,
						"live-preview": false
					},
					"uid": 73,
					"instanceVariables": {},
					"behaviors": {},
					"world": {
						"x": 277,
						"y": 164,
						"width": 31,
						"height": 22,
						"originX": 0.9032258064516129,
						"originY": 0.45454545454545453,
						"color": [
							1,
							1,
							1,
							1
						],
						"angle": 0,
						"zElevation": 0
					}
				},
				{
					"type": "SuccubusEar",
					"properties": {
						"initially-visible": true,
						"initial-animation": "Right",
						"initial-frame": 0,
						"enable-collisions": true,
						"live-preview": false
					},
					"uid": 74,
					"instanceVariables": {},
					"behaviors": {},
					"world": {
						"x": 360,
						"y": 165,
						"width": 31,
						"height": 22,
						"originX": 0.03225806451612903,
						"originY": 0.5,
						"color": [
							1,
							1,
							1,
							1
						],
						"angle": 0,
						"zElevation": 0
					}
				},
				{
					"type": "SuccubossEarring",
					"properties": {
						"initially-visible": true,
						"initial-animation": "Animation 1",
						"initial-frame": 0,
						"enable-collisions": true,
						"live-preview": false
					},
					"uid": 71,
					"instanceVariables": {},
					"behaviors": {},
					"world": {
						"x": 320,
						"y": 147,
						"width": 94,
						"height": 11,
						"originX": 0.5,
						"originY": -2.4545454545454546,
						"color": [
							1,
							1,
							1,
							1
						],
						"angle": 0,
						"zElevation": 0
					}
				},
				{
					"type": "SuccubusMouth",
					"properties": {
						"initially-visible": true,
						"initial-animation": "Normal",
						"initial-frame": 0,
						"enable-collisions": true,
						"live-preview": false
					},
					"uid": 75,
					"instanceVariables": {},
					"behaviors": {},
					"sceneGraphData": {
						"parent-uid": 29,
						"uid": 75,
						"flags": {
							"x": true,
							"y": true,
							"z": true,
							"w": true,
							"h": true,
							"a": true,
							"o": false,
							"v": false,
							"d": true,
							"sm": "normal"
						},
						"preview": {
							"transformX": 0,
							"transformY": 0,
							"transformZElevation": 0,
							"transformW": 2.220446049250313e-16,
							"transformH": 2.220446049250313e-16,
							"transformA": 0,
							"transformSX": 0,
							"transformSY": 0,
							"transformO": 0,
							"previewSceneGraph": false
						}
					},
					"world": {
						"x": 320,
						"y": 186,
						"width": 24,
						"height": 20,
						"originX": 0.5,
						"originY": 0.4,
						"color": [
							1,
							1,
							1,
							1
						],
						"angle": 0,
						"zElevation": 0
					}
				}
			],
			"sid": 287241081555946,
			"effectTypes": [
				{
					"effectId": "skymen_BetterOutline",
					"name": "BetterOutline",
					"instance": {
						"isEnabled": true,
						"parameters": {
							"color": [
								0,
								0,
								0,
								1
							],
							"width": 2,
							"precision-step": 1,
							"samples": 16
						}
					}
				}
			],
			"isInitiallyVisible": true,
			"isInitiallyInteractive": true,
			"isHTMLElementsLayer": false,
			"color": [
				1,
				1,
				1,
				1
			],
			"backgroundColor": [
				0.3686274509803922,
				0.3686274509803922,
				0.3686274509803922,
				1
			],
			"isTransparent": true,
			"parallaxX": 1,
			"parallaxY": 1,
			"scaleRate": 1,
			"forceOwnTexture": false,
			"renderingMode": "3d",
			"drawOrder": "z-order",
			"useRenderCells": false,
			"blendMode": "normal",
			"zElevation": 0,
			"global": false
		},
		{
			"name": "Darkness",
			"overriden": 0,
			"subLayers": [],
			"instances": [],
			"sid": 618638762074587,
			"effectTypes": [],
			"isInitiallyVisible": true,
			"isInitiallyInteractive": true,
			"isHTMLElementsLayer": false,
			"color": [
				1,
				1,
				1,
				1
			],
			"backgroundColor": [
				0,
				0,
				0,
				1
			],
			"isTransparent": false,
			"parallaxX": 1,
			"parallaxY": 1,
			"scaleRate": 1,
			"forceOwnTexture": false,
			"renderingMode": "3d",
			"drawOrder": "z-order",
			"useRenderCells": false,
			"blendMode": "normal",
			"zElevation": 0,
			"global": false
		},
		{
			"name": "Dialogue",
			"overriden": 0,
			"subLayers": [],
			"instances": [
				{
					"type": "Text",
					"properties": {
						"text": "Text",
						"enable-bbcode": true,
						"font": "Arial",
						"size": 12,
						"line-height": 0,
						"bold": false,
						"italic": false,
						"color": [
							0,
							0,
							0,
							1
						],
						"horizontal-alignment": "left",
						"vertical-alignment": "top",
						"wrapping": "word",
						"text-direction": "ltr",
						"icon-set": -1,
						"initially-visible": true,
						"origin": "top-left",
						"read-aloud": false
					},
					"uid": 40,
					"instanceVariables": {},
					"behaviors": {},
					"world": {
						"x": 106,
						"y": -113,
						"width": 200,
						"height": 30,
						"originX": 0,
						"originY": 0,
						"color": [
							1,
							1,
							1,
							1
						],
						"angle": 0,
						"zElevation": 0
					}
				},
				{
					"type": "DialogueBox",
					"properties": {
						"left-margin": 38,
						"right-margin": 16,
						"top-margin": 16,
						"bottom-margin": 24,
						"edges": "stretch",
						"fill": "stretch",
						"initially-visible": false,
						"origin": "center",
						"seams": "overlap"
					},
					"uid": 72,
					"instanceVariables": {},
					"behaviors": {
						"Tween": {
							"properties": {
								"enabled": true
							}
						}
					},
					"world": {
						"x": 320,
						"y": 48,
						"width": 260,
						"height": 62,
						"originX": 0.5,
						"originY": 0.5,
						"color": [
							1,
							1,
							1,
							1
						],
						"angle": 0,
						"zElevation": 0
					}
				},
				{
					"type": "DialogueText",
					"properties": {
						"text": "",
						"enable-bbcode": true,
						"character-width": 9,
						"character-height": 10,
						"character-set": "abcdefghijklmnopqrstuvwxyzABCDEFGHIJKLMNOPQRSTUVWXYZ1234567890:+-,.!?%#'`\"@$_",
						"spacing-data": "[\n[8,\"Wmw@\"],\n[7,\"MV%\"],\n[6,\"ABCDLEFGHKNOPQRSTUXYZabcdeghknopqsuvxyz?023456789\"],\n[5,\"JLtfz\"],\n[4,\"jr-\"],\n[3,\"Il,1 \"],\n[2,\"i.!:'\"]\n]",
						"scale": 1,
						"character-spacing": 1,
						"line-height": 1,
						"horizontal-alignment": "center",
						"vertical-alignment": "top",
						"wrapping": "word",
						"initially-visible": true,
						"origin": "center",
						"read-aloud": false
					},
					"uid": 37,
					"instanceVariables": {},
					"behaviors": {
						"Pin": {
							"properties": {
								"destroy": false
							}
						},
						"Tween": {
							"properties": {
								"enabled": true
							}
						}
					},
					"sceneGraphData": {
						"parent-uid": null,
						"uid": 37,
						"flags": {
							"x": true,
							"y": true,
							"z": false,
							"w": false,
							"h": false,
							"a": false,
							"o": false,
							"v": false,
							"d": true,
							"sm": "normal"
						},
						"preview": {
							"transformX": 0,
							"transformY": 0,
							"transformZElevation": 0,
							"transformW": 0,
							"transformH": 0,
							"transformA": 0,
							"transformSX": 0,
							"transformSY": 0,
							"transformO": 0,
							"previewSceneGraph": false
						}
					},
					"world": {
						"x": 320,
						"y": 48,
						"width": 346,
						"height": 36,
						"originX": 0.5,
						"originY": 0.5,
						"color": [
							0,
							0,
							0,
							1
						],
						"angle": 0,
						"zElevation": 0
					}
				},
				{
					"type": "GameManager",
					"properties": {
						"initially-visible": true,
						"initial-animation": "Animation 1",
						"initial-frame": 0,
						"enable-collisions": true,
						"live-preview": false
					},
					"uid": 95,
					"instanceVariables": {},
					"behaviors": {
						"Tween": {
							"properties": {
								"enabled": true
							}
						}
					},
					"world": {
						"x": 3,
						"y": -65,
						"width": 16,
						"height": 16,
						"originX": 0.5,
						"originY": 0.5,
						"color": [
							1,
							1,
							1,
							1
						],
						"angle": 0,
						"zElevation": 0
					}
				},
				{
					"type": "SkipButton",
					"properties": {
						"initially-visible": true,
						"initial-animation": "Animation 1",
						"initial-frame": 0,
						"enable-collisions": true,
						"live-preview": false
					},
					"uid": 96,
					"instanceVariables": {},
					"behaviors": {},
					"world": {
						"x": 584,
						"y": 332,
						"width": 86,
						"height": 32,
						"originX": 0.5,
						"originY": 0.5,
						"color": [
							1,
							1,
							1,
							1
						],
						"angle": 0,
						"zElevation": 0
					}
				}
			],
			"sid": 568719761453345,
			"effectTypes": [],
			"isInitiallyVisible": true,
			"isInitiallyInteractive": true,
			"isHTMLElementsLayer": false,
			"color": [
				1,
				1,
				1,
				1
			],
			"backgroundColor": [
				0,
				0,
				0,
				1
			],
			"isTransparent": true,
			"parallaxX": 1,
			"parallaxY": 1,
			"scaleRate": 1,
			"forceOwnTexture": false,
			"renderingMode": "3d",
			"drawOrder": "z-order",
			"useRenderCells": false,
			"blendMode": "normal",
			"zElevation": 0,
			"global": false
		},
		{
			"name": "Mouse",
			"overriden": 0,
			"subLayers": [],
			"instances": [
				{
					"type": "CursorSprite",
					"properties": {
						"initially-visible": true,
						"initial-animation": "Animation 1",
						"initial-frame": 0,
						"enable-collisions": true,
						"live-preview": false
					},
					"uid": 94,
					"instanceVariables": {},
					"behaviors": {},
					"world": {
						"x": 259,
						"y": -21,
						"width": 38,
						"height": 38,
						"originX": 0.15789473684210525,
						"originY": 0.13157894736842105,
						"color": [
							1,
							1,
							1,
							1
						],
						"angle": 0,
						"zElevation": 0
					}
				}
			],
			"sid": 895587535133132,
			"effectTypes": [],
			"isInitiallyVisible": true,
			"isInitiallyInteractive": true,
			"isHTMLElementsLayer": false,
			"color": [
				1,
				1,
				1,
				1
			],
			"backgroundColor": [
				0.3686274509803922,
				0.3686274509803922,
				0.3686274509803922,
				1
			],
			"isTransparent": true,
			"parallaxX": 1,
			"parallaxY": 1,
			"scaleRate": 1,
			"forceOwnTexture": false,
			"renderingMode": "3d",
			"drawOrder": "z-order",
			"useRenderCells": false,
			"blendMode": "normal",
			"zElevation": 0,
			"global": false
		}
	],
	"sid": 193165462774820,
	"nonworld-instances": [],
	"effectTypes": [],
	"width": 640,
	"height": 360,
	"unboundedScrolling": false,
	"vpX": 0.5,
	"vpY": 0.5,
	"projection": "perspective",
	"eventSheet": "eIntro"
}