{"propertiesBar":{"properties":[{"name":"Layout","expanded":true,"children":[{"name":"Size","expanded":false,"children":[]},{"name":"Vanishing point","expanded":false,"children":[]}]},{"name":"Effects","expanded":true,"children":[]},{"name":"Editor","expanded":true,"children":[{"name":"Margins","expanded":false,"children":[]},{"name":"Grid size","expanded":false,"children":[]},{"name":"Grid offset","expanded":false,"children":[]}]}],"scrollPosition":0},"layersBar":{"name":"<root>","children":[{"name":"Mouse","expanded":true,"children":[]},{"name":"Dialogue","expanded":true,"children":[]},{"name":"Darkness","expanded":true,"children":[]},{"name":"Intro","expanded":true,"children":[]},{"name":"BG","expanded":true,"children":[]}]},"grid":{"show":false,"snap":true,"width":1,"height":1,"offsetX":0,"offsetY":0},"marginWidth":1000,"marginHeight":1000,"showCollisionPolygons":false,"showMeshes":false,"showTranslucentInactiveLayers":false,"showSceneGraphConnections":true,"tabColor":[0.8000000000000002,0.9999999999999999,0.9999999999999999,1],"tabTextColor":null,"layers":[{"name":"BG","propertiesBar":{"properties":[{"name":"Layer properties","expanded":true,"children":[]},{"name":"Scroll & zoom","expanded":true,"children":[{"name":"Parallax","expanded":false,"children":[]}]},{"name":"Appearance","expanded":true,"children":[]},{"name":"Effects","expanded":true,"children":[]},{"name":"Editor","expanded":true,"children":[]}],"scrollPosition":0},"visibleInEditor":true,"locked":false,"parallaxInEditor":false,"opacity":1,"translucent":false},{"name":"Intro","propertiesBar":{"properties":[{"name":"Layer properties","expanded":true,"children":[]},{"name":"Scroll & zoom","expanded":true,"children":[{"name":"Parallax","expanded":false,"children":[]}]},{"name":"Appearance","expanded":true,"children":[]},{"name":"Effects","expanded":true,"children":[{"name":"BetterOutline","expanded":true,"children":[]}]},{"name":"Editor","expanded":true,"children":[]}],"scrollPosition":0},"visibleInEditor":true,"locked":false,"parallaxInEditor":false,"opacity":1,"translucent":false},{"name":"Darkness","propertiesBar":{"properties":[{"name":"Layer properties","expanded":true,"children":[]},{"name":"Scroll & zoom","expanded":true,"children":[{"name":"Parallax","expanded":false,"children":[]}]},{"name":"Appearance","expanded":true,"children":[]},{"name":"Effects","expanded":true,"children":[]},{"name":"Editor","expanded":true,"children":[]}],"scrollPosition":0},"visibleInEditor":false,"locked":false,"parallaxInEditor":false,"opacity":1,"translucent":false},{"name":"Dialogue","propertiesBar":{"properties":[{"name":"Layer properties","expanded":true,"children":[]},{"name":"Scroll & zoom","expanded":true,"children":[{"name":"Parallax","expanded":false,"children":[]}]},{"name":"Appearance","expanded":true,"children":[]},{"name":"Effects","expanded":true,"children":[]},{"name":"Editor","expanded":true,"children":[]}],"scrollPosition":0},"visibleInEditor":true,"locked":false,"parallaxInEditor":false,"opacity":1,"translucent":false},{"name":"Mouse","propertiesBar":{"properties":[{"name":"Layer properties","expanded":true,"children":[]},{"name":"Scroll & zoom","expanded":true,"children":[{"name":"Parallax","expanded":false,"children":[]}]},{"name":"Appearance","expanded":true,"children":[]},{"name":"Effects","expanded":true,"children":[]},{"name":"Editor","expanded":true,"children":[]}],"scrollPosition":0},"visibleInEditor":true,"locked":false,"parallaxInEditor":false,"opacity":1,"translucent":false}],"view":{"x":320,"y":200,"z":100,"activeLayer":"BG"},"selectedInstances":[],"lockedInstances":[],"instanceCollections":[{"uids":[28,29,30],"properties":{"properties":[{"name":"Object type properties","expanded":true,"children":[]},{"name":"Common","expanded":true,"children":[{"name":"Position","expanded":false,"children":[]},{"name":"Size","expanded":false,"children":[]}]},{"name":"Effects","expanded":true,"children":[]},{"name":"Properties","expanded":true,"children":[]}],"scrollPosition":0}},{"uids":[28,29],"properties":{"properties":[{"name":"Object type properties","expanded":true,"children":[]},{"name":"Common","expanded":true,"children":[{"name":"Position","expanded":false,"children":[]},{"name":"Size","expanded":false,"children":[]}]},{"name":"Effects","expanded":true,"children":[]},{"name":"Properties","expanded":true,"children":[]}],"scrollPosition":0}},{"uids":[73,74],"properties":{"properties":[{"name":"Object type properties","expanded":true,"children":[]},{"name":"Common","expanded":true,"children":[{"name":"Position","expanded":false,"children":[]},{"name":"Size","expanded":false,"children":[]}]},{"name":"Instance variables","expanded":true,"children":[]},{"name":"Behaviors","expanded":true,"children":[]},{"name":"Effects","expanded":true,"children":[]},{"name":"Container","expanded":true,"children":[]},{"name":"Template","expanded":true,"children":[]},{"name":"Properties","expanded":true,"children":[]}],"scrollPosition":0}},{"uids":[29,75],"properties":{"properties":[{"name":"Object type properties","expanded":true,"children":[]},{"name":"Common","expanded":true,"children":[{"name":"Position","expanded":false,"children":[]},{"name":"Size","expanded":false,"children":[]}]},{"name":"Effects","expanded":true,"children":[]},{"name":"Properties","expanded":true,"children":[]}],"scrollPosition":0}},{"uids":[29],"properties":{"properties":[{"name":"Object type properties","expanded":true,"children":[]},{"name":"Common","expanded":true,"children":[{"name":"Position","expanded":false,"children":[]},{"name":"Size","expanded":false,"children":[]}]},{"name":"Instance variables","expanded":true,"children":[]},{"name":"Behaviors","expanded":true,"children":[]},{"name":"Effects","expanded":true,"children":[]},{"name":"Container","expanded":true,"children":[]},{"name":"Hierarchy","expanded":true,"children":[]},{"name":"Template","expanded":true,"children":[]},{"name":"Properties","expanded":true,"children":[]}],"scrollPosition":0}},{"uids":[70],"properties":{"properties":[{"name":"Object type properties","expanded":true,"children":[]},{"name":"Common","expanded":true,"children":[{"name":"Position","expanded":false,"children":[]},{"name":"Size","expanded":false,"children":[]}]},{"name":"Instance variables","expanded":true,"children":[]},{"name":"Behaviors","expanded":true,"children":[]},{"name":"Effects","expanded":true,"children":[]},{"name":"Container","expanded":true,"children":[]},{"name":"Template","expanded":true,"children":[]},{"name":"Properties","expanded":true,"children":[]}],"scrollPosition":0}},{"uids":[28],"properties":{"properties":[{"name":"Object type properties","expanded":true,"children":[]},{"name":"Common","expanded":true,"children":[{"name":"Position","expanded":false,"children":[]},{"name":"Size","expanded":false,"children":[]}]},{"name":"Instance variables","expanded":true,"children":[]},{"name":"Behaviors","expanded":true,"children":[]},{"name":"Effects","expanded":true,"children":[]},{"name":"Container","expanded":true,"children":[]},{"name":"Template","expanded":true,"children":[]},{"name":"Properties","expanded":true,"children":[]}],"scrollPosition":18}},{"uids":[71],"properties":{"properties":[{"name":"Object type properties","expanded":true,"children":[]},{"name":"Common","expanded":true,"children":[{"name":"Position","expanded":false,"children":[]},{"name":"Size","expanded":false,"children":[]}]},{"name":"Instance variables","expanded":true,"children":[]},{"name":"Behaviors","expanded":true,"children":[]},{"name":"Effects","expanded":true,"children":[]},{"name":"Container","expanded":true,"children":[]},{"name":"Template","expanded":true,"children":[]},{"name":"Properties","expanded":true,"children":[]}],"scrollPosition":0}},{"uids":[71],"properties":{"properties":[{"name":"Object type properties","expanded":true,"children":[]},{"name":"Common","expanded":true,"children":[{"name":"Position","expanded":false,"children":[]},{"name":"Size","expanded":false,"children":[]}]},{"name":"Instance variables","expanded":true,"children":[]},{"name":"Behaviors","expanded":true,"children":[]},{"name":"Effects","expanded":true,"children":[]},{"name":"Container","expanded":true,"children":[]},{"name":"Template","expanded":true,"children":[]},{"name":"Properties","expanded":true,"children":[]}],"scrollPosition":0}},{"uids":[73],"properties":{"properties":[{"name":"Object type properties","expanded":true,"children":[]},{"name":"Common","expanded":true,"children":[{"name":"Position","expanded":false,"children":[]},{"name":"Size","expanded":false,"children":[]}]},{"name":"Instance variables","expanded":true,"children":[]},{"name":"Behaviors","expanded":true,"children":[]},{"name":"Effects","expanded":true,"children":[]},{"name":"Container","expanded":true,"children":[]},{"name":"Template","expanded":true,"children":[]},{"name":"Properties","expanded":true,"children":[]}],"scrollPosition":0}},{"uids":[74],"properties":{"properties":[{"name":"Object type properties","expanded":true,"children":[]},{"name":"Common","expanded":true,"children":[{"name":"Position","expanded":false,"children":[]},{"name":"Size","expanded":false,"children":[]}]},{"name":"Instance variables","expanded":true,"children":[]},{"name":"Behaviors","expanded":true,"children":[]},{"name":"Effects","expanded":true,"children":[]},{"name":"Container","expanded":true,"children":[]},{"name":"Template","expanded":true,"children":[]},{"name":"Properties","expanded":true,"children":[]}],"scrollPosition":0}},{"uids":[75],"properties":{"properties":[{"name":"Object type properties","expanded":true,"children":[]},{"name":"Common","expanded":true,"children":[{"name":"Position","expanded":false,"children":[]},{"name":"Size","expanded":false,"children":[]}]},{"name":"Instance variables","expanded":true,"children":[]},{"name":"Behaviors","expanded":true,"children":[]},{"name":"Effects","expanded":true,"children":[]},{"name":"Container","expanded":true,"children":[]},{"name":"Hierarchy","expanded":true,"children":[]},{"name":"Template","expanded":true,"children":[]},{"name":"Properties","expanded":true,"children":[]}],"scrollPosition":0}},{"uids":[95],"properties":{"properties":[{"name":"Object type properties","expanded":true,"children":[]},{"name":"Common","expanded":true,"children":[{"name":"Position","expanded":false,"children":[]},{"name":"Size","expanded":false,"children":[]}]},{"name":"Instance variables","expanded":true,"children":[]},{"name":"Behaviors","expanded":true,"children":[{"name":"Tween","expanded":true,"children":[]}]},{"name":"Effects","expanded":true,"children":[]},{"name":"Container","expanded":true,"children":[]},{"name":"Template","expanded":true,"children":[]},{"name":"Properties","expanded":true,"children":[]}],"scrollPosition":0}},{"uids":[30],"properties":{"properties":[{"name":"Object type properties","expanded":true,"children":[]},{"name":"Common","expanded":true,"children":[{"name":"Position","expanded":false,"children":[]},{"name":"Size","expanded":false,"children":[]}]},{"name":"Instance variables","expanded":true,"children":[]},{"name":"Behaviors","expanded":true,"children":[{"name":"Sine","expanded":true,"children":[]}]},{"name":"Effects","expanded":true,"children":[]},{"name":"Container","expanded":true,"children":[]},{"name":"Template","expanded":true,"children":[]},{"name":"Properties","expanded":true,"children":[]}],"scrollPosition":0}},{"uids":[72],"properties":{"properties":[{"name":"Object type properties","expanded":true,"children":[]},{"name":"Common","expanded":true,"children":[{"name":"Position","expanded":false,"children":[]},{"name":"Size","expanded":false,"children":[]}]},{"name":"Instance variables","expanded":true,"children":[]},{"name":"Behaviors","expanded":true,"children":[{"name":"Tween","expanded":true,"children":[]}]},{"name":"Effects","expanded":true,"children":[]},{"name":"Container","expanded":true,"children":[]},{"name":"Template","expanded":true,"children":[]},{"name":"Properties","expanded":true,"children":[]}],"scrollPosition":0}},{"uids":[40],"properties":{"properties":[{"name":"Object type properties","expanded":true,"children":[]},{"name":"Common","expanded":true,"children":[{"name":"Position","expanded":false,"children":[]},{"name":"Size","expanded":false,"children":[]}]},{"name":"Instance variables","expanded":true,"children":[]},{"name":"Behaviors","expanded":true,"children":[]},{"name":"Effects","expanded":true,"children":[]},{"name":"Container","expanded":true,"children":[]},{"name":"Template","expanded":true,"children":[]},{"name":"Properties","expanded":true,"children":[]},{"name":"Accessibility","expanded":true,"children":[]}],"scrollPosition":0}},{"uids":[94],"properties":{"properties":[{"name":"Object type properties","expanded":true,"children":[]},{"name":"Common","expanded":true,"children":[{"name":"Position","expanded":false,"children":[]},{"name":"Size","expanded":false,"children":[]}]},{"name":"Instance variables","expanded":true,"children":[]},{"name":"Behaviors","expanded":true,"children":[]},{"name":"Effects","expanded":true,"children":[]},{"name":"Container","expanded":true,"children":[]},{"name":"Template","expanded":true,"children":[]},{"name":"Properties","expanded":true,"children":[]}],"scrollPosition":0}},{"uids":[96],"properties":{"properties":[{"name":"Object type properties","expanded":true,"children":[]},{"name":"Common","expanded":true,"children":[{"name":"Position","expanded":false,"children":[]},{"name":"Size","expanded":false,"children":[]}]},{"name":"Instance variables","expanded":true,"children":[]},{"name":"Behaviors","expanded":true,"children":[]},{"name":"Effects","expanded":true,"children":[]},{"name":"Container","expanded":true,"children":[]},{"name":"Template","expanded":true,"children":[]},{"name":"Properties","expanded":true,"children":[]}],"scrollPosition":0}},{"uids":[98],"properties":{"properties":[{"name":"Object type properties","expanded":true,"children":[]},{"name":"Common","expanded":true,"children":[{"name":"Position","expanded":false,"children":[]},{"name":"Size","expanded":false,"children":[]}]},{"name":"Instance variables","expanded":true,"children":[]},{"name":"Behaviors","expanded":true,"children":[]},{"name":"Effects","expanded":true,"children":[{"name":"BlurHorizontal","expanded":true,"children":[]},{"name":"BlurVertical","expanded":true,"children":[]}]},{"name":"Container","expanded":true,"children":[]},{"name":"Template","expanded":true,"children":[]},{"name":"Properties","expanded":true,"children":[]}],"scrollPosition":0}},{"uids":[98],"properties":{"properties":[{"name":"Object type properties","expanded":true,"children":[]},{"name":"Common","expanded":true,"children":[{"name":"Position","expanded":false,"children":[]},{"name":"Size","expanded":false,"children":[]}]},{"name":"Instance variables","expanded":true,"children":[]},{"name":"Behaviors","expanded":true,"children":[{"name":"Sine","expanded":true,"children":[]}]},{"name":"Effects","expanded":true,"children":[{"name":"BlurHorizontal","expanded":true,"children":[]},{"name":"BlurVertical","expanded":true,"children":[]}]},{"name":"Container","expanded":true,"children":[]},{"name":"Template","expanded":true,"children":[]},{"name":"Properties","expanded":true,"children":[]}],"scrollPosition":0}},{"uids":[37],"properties":{"properties":[{"name":"Object type properties","expanded":true,"children":[]},{"name":"Common","expanded":true,"children":[{"name":"Position","expanded":false,"children":[]},{"name":"Size","expanded":false,"children":[]}]},{"name":"Instance variables","expanded":true,"children":[]},{"name":"Behaviors","expanded":true,"children":[{"name":"Pin","expanded":true,"children":[]}]},{"name":"Effects","expanded":true,"children":[]},{"name":"Container","expanded":true,"children":[]},{"name":"Hierarchy","expanded":true,"children":[]},{"name":"Template","expanded":true,"children":[]},{"name":"Properties","expanded":true,"children":[]},{"name":"Accessibility","expanded":true,"children":[]}],"scrollPosition":0}}]}