{
	"name": "SuccubossAccessories",
	"plugin-id": "Sprite",
	"sid": 204037231492016,
	"isGlobal": false,
	"instanceVariables": [],
	"behaviorTypes": [
		{
			"behaviorId": "Sin",
			"name": "Sine",
			"sid": 169955431787175
		}
	],
	"effectTypes": [],
	"animations": {
		"items": [
			{
				"frames": [
					{
						"width": 96,
						"height": 52,
						"originX": 0.5,
						"originY": 0.8269230769230768,
						"originalSource": "",
						"exportFormat": "lossless",
						"exportQuality": 0.8,
						"imageSpriteId": 2559371,
						"collisionPoly": {
							"points": [
								0.07291666666666664,
								0.26923076923076916,
								0.2083333333333333,
								1.3877787807814457e-17,
								0.7916666666666674,
								0,
								0.9375000000000002,
								0.26923076923076916,
								0.9375000000000002,
								0.788461538461538,
								0.07291666666666666,
								0.788461538461538
							]
						},
						"useCollisionPoly": true,
						"duration": 1,
						"tag": ""
					}
				],
				"sid": 658039489665633,
				"name": "Animation 1",
				"isLooping": false,
				"isPingPong": false,
				"repeatCount": 1,
				"repeatTo": 0,
				"speed": 5
			},
			{
				"frames": [
					{
						"width": 94,
						"height": 51,
						"originX": 0.5,
						"originY": 0.8431372549019607,
						"originalSource": "",
						"exportFormat": "lossless",
						"exportQuality": 0.8,
						"imageSpriteId": 5374859,
						"useCollisionPoly": true,
						"duration": 1,
						"tag": ""
					}
				],
				"sid": 672673009407097,
				"name": "Animation 3",
				"isLooping": false,
				"isPingPong": false,
				"repeatCount": 1,
				"repeatTo": 0,
				"speed": 5
			},
			{
				"frames": [
					{
						"width": 96,
						"height": 52,
						"originX": 0.5,
						"originY": 0.8269230769230768,
						"originalSource": "",
						"exportFormat": "lossless",
						"exportQuality": 0.8,
						"imageSpriteId": 1544844,
						"collisionPoly": {
							"points": [
								0.010416666666666666,
								0,
								0.9895833333333334,
								0,
								0.9895833333333334,
								0.9807692307692307,
								0.010416666666666666,
								0.9807692307692307
							]
						},
						"useCollisionPoly": true,
						"duration": 1,
						"tag": ""
					}
				],
				"sid": 590318686230425,
				"name": "Animation 2",
				"isLooping": false,
				"isPingPong": false,
				"repeatCount": 1,
				"repeatTo": 0,
				"speed": 5
			},
			{
				"frames": [
					{
						"width": 96,
						"height": 52,
						"originX": 0.5,
						"originY": 0.8269230769230768,
						"originalSource": "",
						"exportFormat": "lossless",
						"exportQuality": 0.8,
						"imageSpriteId": 4324852,
						"collisionPoly": {
							"points": [
								0.010416666666666666,
								0,
								0.9895833333333334,
								0,
								0.9895833333333334,
								0.9807692307692307,
								0.010416666666666666,
								0.9807692307692307
							]
						},
						"useCollisionPoly": true,
						"duration": 1,
						"tag": ""
					}
				],
				"sid": 895790581915466,
				"name": "Animation 4",
				"isLooping": false,
				"isPingPong": false,
				"repeatCount": 1,
				"repeatTo": 0,
				"speed": 5
			}
		],
		"subfolders": []
	}
}