{
	"name": "Presents",
	"plugin-id": "Spritefont2",
	"sid": 746686690853012,
	"isGlobal": false,
	"instanceVariables": [
		{
			"name": "Content",
			"type": "string",
			"desc": "",
			"show": true,
			"sid": 190129012374866
		},
		{
			"name": "Translate",
			"type": "boolean",
			"desc": "",
			"show": true,
			"sid": 692245577404824
		}
	],
	"behaviorTypes": [
		{
			"behaviorId": "Tween",
			"name": "Tween",
			"sid": 444329240794557
		}
	],
	"effectTypes": [],
	"image": {
		"width": 96,
		"height": 160,
		"originX": 0.5,
		"originY": 0.49375,
		"originalSource": "",
		"exportFormat": "lossless",
		"exportQuality": 0.8,
		"imageSpriteId": 1810861,
		"collisionPoly": {
			"points": [
				0,
				0,
				1,
				0,
				1,
				0.9875,
				0,
				0.9875
			]
		},
		"useCollisionPoly": true,
		"tag": ""
	}
}