{
	"name": "Heart",
	"plugin-id": "Sprite",
	"sid": 846326330624398,
	"isGlobal": false,
	"instanceVariables": [],
	"behaviorTypes": [
		{
			"behaviorId": "Platform",
			"name": "Platform",
			"sid": 355880983288983
		}
	],
	"effectTypes": [],
	"animations": {
		"items": [
			{
				"frames": [
					{
						"width": 22,
						"height": 20,
						"originX": 0.5,
						"originY": 0.6,
						"originalSource": "",
						"exportFormat": "lossless",
						"exportQuality": 0.8,
						"imageSpriteId": 4030627,
						"useCollisionPoly": true,
						"duration": 1,
						"tag": ""
					},
					{
						"width": 22,
						"height": 20,
						"originX": 0.5,
						"originY": 0.6,
						"originalSource": "",
						"exportFormat": "lossless",
						"exportQuality": 0.8,
						"imageSpriteId": 8534449,
						"useCollisionPoly": true,
						"duration": 1,
						"tag": ""
					},
					{
						"width": 22,
						"height": 20,
						"originX": 0.5,
						"originY": 0.6,
						"originalSource": "",
						"exportFormat": "lossless",
						"exportQuality": 0.8,
						"imageSpriteId": 9736486,
						"useCollisionPoly": true,
						"duration": 1,
						"tag": ""
					},
					{
						"width": 22,
						"height": 20,
						"originX": 0.5,
						"originY": 0.6,
						"originalSource": "",
						"exportFormat": "lossless",
						"exportQuality": 0.8,
						"imageSpriteId": 3371706,
						"useCollisionPoly": true,
						"duration": 1,
						"tag": ""
					},
					{
						"width": 22,
						"height": 20,
						"originX": 0.5,
						"originY": 0.6,
						"originalSource": "",
						"exportFormat": "lossless",
						"exportQuality": 0.8,
						"imageSpriteId": 5303859,
						"useCollisionPoly": true,
						"duration": 1,
						"tag": ""
					},
					{
						"width": 22,
						"height": 20,
						"originX": 0.5,
						"originY": 0.6,
						"originalSource": "",
						"exportFormat": "lossless",
						"exportQuality": 0.8,
						"imageSpriteId": 4300313,
						"useCollisionPoly": true,
						"duration": 1,
						"tag": ""
					}
				],
				"sid": 322703187271535,
				"name": "Animation 1",
				"isLooping": true,
				"isPingPong": true,
				"repeatCount": 1,
				"repeatTo": 0,
				"speed": 8
			}
		],
		"subfolders": []
	}
}