{
	"name": "GameLogo",
	"plugin-id": "Sprite",
	"sid": 847000092498661,
	"isGlobal": false,
	"instanceVariables": [],
	"behaviorTypes": [
		{
			"behaviorId": "Tween",
			"name": "Tween",
			"sid": 555326481961859
		}
	],
	"effectTypes": [],
	"animations": {
		"items": [
			{
				"frames": [
					{
						"width": 366,
						"height": 156,
						"originX": 0.4972677595628415,
						"originY": 0.4935897435897436,
						"originalSource": "",
						"exportFormat": "lossless",
						"exportQuality": 0.8,
						"imageSpriteId": 1809532,
						"collisionPoly": {
							"points": [
								0,
								0,
								0.9972677595628415,
								0,
								0.9972677595628415,
								1,
								0,
								1
							]
						},
						"useCollisionPoly": true,
						"duration": 1,
						"tag": ""
					}
				],
				"sid": 287373015218770,
				"name": "Animation 1",
				"isLooping": false,
				"isPingPong": false,
				"repeatCount": 1,
				"repeatTo": 0,
				"speed": 5
			}
		],
		"subfolders": []
	}
}