{
	"name": "SkipButton",
	"plugin-id": "Sprite",
	"sid": 615209943804230,
	"isGlobal": false,
	"instanceVariables": [],
	"behaviorTypes": [],
	"effectTypes": [],
	"animations": {
		"items": [
			{
				"frames": [
					{
						"width": 86,
						"height": 32,
						"originX": 0.5,
						"originY": 0.5,
						"originalSource": "",
						"exportFormat": "lossless",
						"exportQuality": 0.8,
						"imageSpriteId": 6161459,
						"collisionPoly": {
							"points": [
								0.03488372093023256,
								0.09375000000000003,
								0.9651162790697675,
								0.09375000000000003,
								0.9651162790697675,
								0.875,
								0.03488372093023256,
								0.875
							]
						},
						"useCollisionPoly": true,
						"duration": 1,
						"tag": ""
					}
				],
				"sid": 478309040794252,
				"name": "Animation 1",
				"isLooping": false,
				"isPingPong": false,
				"repeatCount": 1,
				"repeatTo": 0,
				"speed": 5
			}
		],
		"subfolders": []
	}
}