{
	"name": "MenuBG",
	"plugin-id": "NinePatch",
	"sid": 176645075086355,
	"isGlobal": false,
	"instanceVariables": [],
	"behaviorTypes": [
		{
			"behaviorId": "Tween",
			"name": "Tween",
			"sid": 719501118299021
		}
	],
	"effectTypes": [
		{
			"effectId": "replacesolidcolor",
			"name": "ReplaceSolidColor"
		},
		{
			"effectId": "skymen_BetterOutline",
			"name": "BetterOutline"
		}
	],
	"image": {
		"width": 46,
		"height": 20,
		"originX": 0.5,
		"originY": 0.5,
		"originalSource": "",
		"exportFormat": "lossless",
		"exportQuality": 0.8,
		"imageSpriteId": 2066487,
		"useCollisionPoly": true,
		"tag": ""
	}
}