{
	"name": "Gun",
	"plugin-id": "Sprite",
	"sid": 563674293333772,
	"isGlobal": false,
	"instanceVariables": [],
	"behaviorTypes": [
		{
			"behaviorId": "Pin",
			"name": "Pin",
			"sid": 805013483067080
		}
	],
	"effectTypes": [],
	"animations": {
		"items": [
			{
				"frames": [
					{
						"width": 52,
						"height": 16,
						"originX": 0.375,
						"originY": 0.5,
						"originalSource": "",
						"exportFormat": "lossless",
						"exportQuality": 0.8,
						"imageSpriteId": 8627800,
						"useCollisionPoly": true,
						"imagePoints": [
							{
								"name": "Tip",
								"x": 0.9807692307692307,
								"y": 0.1875
							},
							{
								"name": "ShellEjector",
								"x": 0.34615384615384615,
								"y": 0.1875
							},
							{
								"name": "Left",
								"x": 0.3269230769230769,
								"y": 0.5625
							},
							{
								"name": "Right",
								"x": 0.6923076923076923,
								"y": 0.5
							}
						],
						"duration": 1,
						"tag": ""
					}
				],
				"sid": 519149055616467,
				"name": "Default",
				"isLooping": false,
				"isPingPong": false,
				"repeatCount": 1,
				"repeatTo": 0,
				"speed": 0
			}
		],
		"subfolders": []
	}
}