{
	"name": "Bullet",
	"plugin-id": "Sprite",
	"sid": 100422844812233,
	"isGlobal": false,
	"instanceVariables": [],
	"behaviorTypes": [
		{
			"behaviorId": "Bullet",
			"name": "Bullet",
			"sid": 324510136892229
		}
	],
	"effectTypes": [],
	"animations": {
		"items": [
			{
				"frames": [
					{
						"width": 26,
						"height": 14,
						"originX": 0.11538461538461539,
						"originY": 0.5,
						"originalSource": "",
						"exportFormat": "lossless",
						"exportQuality": 0.8,
						"imageSpriteId": 3444835,
						"collisionPoly": {
							"points": [
								0.15384615384615385,
								0.2857142857142857,
								0.8461538461538463,
								0.2857142857142857,
								0.8461538461538463,
								0.7142857142857144,
								0.15384615384615385,
								0.7142857142857144
							]
						},
						"useCollisionPoly": true,
						"duration": 1,
						"tag": ""
					}
				],
				"sid": 962248290111465,
				"name": "Default",
				"isLooping": false,
				"isPingPong": false,
				"repeatCount": 1,
				"repeatTo": 0,
				"speed": 0
			}
		],
		"subfolders": []
	}
}