{
	"name": "AmmoHUD",
	"plugin-id": "TiledBg",
	"sid": 920725987844984,
	"isGlobal": false,
	"instanceVariables": [],
	"behaviorTypes": [
		{
			"behaviorId": "Sin",
			"name": "Sine",
			"sid": 476307388648335
		},
		{
			"behaviorId": "Sin",
			"name": "Sine2",
			"sid": 993657909323343
		}
	],
	"effectTypes": [],
	"image": {
		"width": 32,
		"height": 18,
		"originX": 0.5,
		"originY": 0.5,
		"originalSource": "",
		"exportFormat": "lossless",
		"exportQuality": 0.8,
		"imageSpriteId": 2868273,
		"useCollisionPoly": true,
		"tag": ""
	}
}