{
	"name": "Lava",
	"plugin-id": "Sprite",
	"sid": 870810843863064,
	"isGlobal": false,
	"instanceVariables": [],
	"behaviorTypes": [
		{
			"behaviorId": "Sin",
			"name": "Sine",
			"sid": 841148327886921
		},
		{
			"behaviorId": "Tween",
			"name": "Tween",
			"sid": 336279788021309
		}
	],
	"effectTypes": [
		{
			"effectId": "warpobject",
			"name": "WarpObject"
		}
	],
	"animations": {
		"items": [
			{
				"frames": [
					{
						"width": 34,
						"height": 35,
						"originX": 0.5,
						"originY": 0.4857142857142857,
						"originalSource": "",
						"exportFormat": "lossless",
						"exportQuality": 0.8,
						"imageSpriteId": 3313285,
						"collisionPoly": {
							"points": [
								0,
								0.14285714285714285,
								1,
								0.14285714285714285,
								1,
								1,
								0,
								1
							]
						},
						"useCollisionPoly": true,
						"duration": 1,
						"tag": ""
					},
					{
						"width": 34,
						"height": 35,
						"originX": 0.5,
						"originY": 0.4857142857142857,
						"originalSource": "",
						"exportFormat": "lossless",
						"exportQuality": 0.8,
						"imageSpriteId": 9335730,
						"collisionPoly": {
							"points": [
								0,
								0.14285714285714285,
								1,
								0.14285714285714285,
								1,
								1,
								0,
								1
							]
						},
						"useCollisionPoly": true,
						"duration": 1,
						"tag": ""
					}
				],
				"sid": 452999098172794,
				"name": "Animation 1",
				"isLooping": true,
				"isPingPong": false,
				"repeatCount": 1,
				"repeatTo": 0,
				"speed": 8
			},
			{
				"frames": [
					{
						"width": 34,
						"height": 35,
						"originX": 0.5,
						"originY": 0.4857142857142857,
						"originalSource": "",
						"exportFormat": "lossless",
						"exportQuality": 0.8,
						"imageSpriteId": 3318719,
						"useCollisionPoly": true,
						"duration": 1,
						"tag": ""
					},
					{
						"width": 34,
						"height": 35,
						"originX": 0.5,
						"originY": 0.4857142857142857,
						"originalSource": "",
						"exportFormat": "lossless",
						"exportQuality": 0.8,
						"imageSpriteId": 7050437,
						"useCollisionPoly": true,
						"duration": 1,
						"tag": ""
					},
					{
						"width": 34,
						"height": 35,
						"originX": 0.5,
						"originY": 0.4857142857142857,
						"originalSource": "",
						"exportFormat": "lossless",
						"exportQuality": 0.8,
						"imageSpriteId": 6011559,
						"useCollisionPoly": true,
						"duration": 1,
						"tag": ""
					}
				],
				"sid": 444281657276014,
				"name": "Animation 2",
				"isLooping": true,
				"isPingPong": false,
				"repeatCount": 1,
				"repeatTo": 0,
				"speed": 8
			},
			{
				"frames": [
					{
						"width": 34,
						"height": 35,
						"originX": 0.5,
						"originY": 0.4857142857142857,
						"originalSource": "",
						"exportFormat": "lossless",
						"exportQuality": 0.8,
						"imageSpriteId": 5760034,
						"collisionPoly": {
							"points": [
								0,
								0.14285714285714285,
								1,
								0.14285714285714285,
								1,
								1,
								0,
								1
							]
						},
						"useCollisionPoly": true,
						"duration": 1,
						"tag": ""
					}
				],
				"sid": 525376981206047,
				"name": "Animation 3",
				"isLooping": true,
				"isPingPong": false,
				"repeatCount": 1,
				"repeatTo": 0,
				"speed": 8
			}
		],
		"subfolders": []
	}
}