{
	"name": "SuccubusMouth",
	"plugin-id": "Sprite",
	"sid": 772396333626618,
	"isGlobal": false,
	"instanceVariables": [],
	"behaviorTypes": [],
	"effectTypes": [],
	"animations": {
		"items": [
			{
				"frames": [
					{
						"width": 24,
						"height": 20,
						"originX": 0.5,
						"originY": 0.4,
						"originalSource": "",
						"exportFormat": "lossless",
						"exportQuality": 0.8,
						"imageSpriteId": 107001,
						"collisionPoly": {
							"points": [
								0,
								0,
								1,
								0,
								1,
								0.8,
								0,
								0.8
							]
						},
						"useCollisionPoly": true,
						"duration": 1,
						"tag": ""
					},
					{
						"width": 24,
						"height": 20,
						"originX": 0.5,
						"originY": 0.4,
						"originalSource": "",
						"exportFormat": "lossless",
						"exportQuality": 0.8,
						"imageSpriteId": 9983200,
						"collisionPoly": {
							"points": [
								0,
								0,
								1,
								0,
								1,
								0.8,
								0,
								0.8
							]
						},
						"useCollisionPoly": true,
						"duration": 1,
						"tag": ""
					},
					{
						"width": 24,
						"height": 20,
						"originX": 0.5,
						"originY": 0.4,
						"originalSource": "",
						"exportFormat": "lossless",
						"exportQuality": 0.8,
						"imageSpriteId": 4996407,
						"collisionPoly": {
							"points": [
								0,
								0,
								1,
								0,
								1,
								0.8,
								0,
								0.8
							]
						},
						"useCollisionPoly": true,
						"duration": 1,
						"tag": ""
					},
					{
						"width": 24,
						"height": 20,
						"originX": 0.5,
						"originY": 0.4,
						"originalSource": "",
						"exportFormat": "lossless",
						"exportQuality": 0.8,
						"imageSpriteId": 9901779,
						"collisionPoly": {
							"points": [
								0,
								0,
								1,
								0,
								1,
								0.8,
								0,
								0.8
							]
						},
						"useCollisionPoly": true,
						"duration": 1,
						"tag": ""
					}
				],
				"sid": 324313012845815,
				"name": "Normal",
				"isLooping": true,
				"isPingPong": false,
				"repeatCount": 1,
				"repeatTo": 0,
				"speed": 0
			}
		],
		"subfolders": []
	}
}