{
	"name": "CreditsText",
	"plugin-id": "Spritefont2",
	"sid": 626723967695263,
	"isGlobal": false,
	"instanceVariables": [],
	"behaviorTypes": [
		{
			"behaviorId": "Tween",
			"name": "Tween",
			"sid": 619421145519313
		}
	],
	"effectTypes": [],
	"image": {
		"width": 117,
		"height": 60,
		"originX": 0.8547008547008547,
		"originY": 0.7,
		"originalSource": "",
		"exportFormat": "lossless",
		"exportQuality": 0.8,
		"imageSpriteId": 15604,
		"collisionPoly": {
			"points": [
				0.008547008547008548,
				0,
				1,
				0,
				1,
				1,
				0.008547008547008548,
				1
			]
		},
		"useCollisionPoly": true,
		"tag": ""
	}
}