{
	"name": "SuccubossHead",
	"plugin-id": "Sprite",
	"sid": 198408256076778,
	"isGlobal": false,
	"instanceVariables": [],
	"behaviorTypes": [],
	"effectTypes": [],
	"animations": {
		"items": [
			{
				"frames": [
					{
						"width": 136,
						"height": 117,
						"originX": 0.5,
						"originY": 0.5042735042735043,
						"originalSource": "",
						"exportFormat": "lossless",
						"exportQuality": 0.8,
						"imageSpriteId": 5307752,
						"useCollisionPoly": true,
						"duration": 15,
						"tag": ""
					},
					{
						"width": 136,
						"height": 117,
						"originX": 0.5,
						"originY": 0.5042735042735043,
						"originalSource": "",
						"exportFormat": "lossless",
						"exportQuality": 0.8,
						"imageSpriteId": 7348901,
						"useCollisionPoly": true,
						"duration": 1,
						"tag": ""
					}
				],
				"sid": 372501566910860,
				"name": "Animation 1",
				"isLooping": true,
				"isPingPong": false,
				"repeatCount": 1,
				"repeatTo": 0,
				"speed": 6
			}
		],
		"subfolders": []
	}
}