{
	"name": "ScaleHand",
	"plugin-id": "Sprite",
	"sid": 194779673744963,
	"isGlobal": false,
	"instanceVariables": [],
	"behaviorTypes": [
		{
			"behaviorId": "Sin",
			"name": "Sine",
			"sid": 793207043843726
		}
	],
	"effectTypes": [],
	"animations": {
		"items": [
			{
				"frames": [
					{
						"width": 460,
						"height": 8,
						"originX": 0.4956521739130435,
						"originY": 0.5625,
						"originalSource": "",
						"exportFormat": "lossless",
						"exportQuality": 0.8,
						"imageSpriteId": 289789,
						"collisionPoly": {
							"points": [
								0.24347826086956523,
								0.0625,
								0.7565217391304347,
								0.0625,
								0.7565217391304347,
								0.9375,
								0.24347826086956523,
								0.9375
							]
						},
						"useCollisionPoly": true,
						"duration": 1,
						"tag": ""
					}
				],
				"sid": 614447787386786,
				"name": "Animation 1",
				"isLooping": false,
				"isPingPong": false,
				"repeatCount": 1,
				"repeatTo": 0,
				"speed": 5
			}
		],
		"subfolders": []
	}
}