{
	"name": "GameplayTip",
	"plugin-id": "Spritefont2",
	"sid": 845224240198857,
	"isGlobal": false,
	"instanceVariables": [],
	"behaviorTypes": [
		{
			"behaviorId": "Pin",
			"name": "Pin",
			"sid": 620618089291614
		},
		{
			"behaviorId": "Fade",
			"name": "Fade",
			"sid": 359332408777214
		}
	],
	"effectTypes": [],
	"image": {
		"width": 117,
		"height": 60,
		"originX": 0.8547008547008547,
		"originY": 0.7,
		"originalSource": "",
		"exportFormat": "lossless",
		"exportQuality": 0.8,
		"imageSpriteId": 109254,
		"collisionPoly": {
			"points": [
				0.008547008547008548,
				0,
				1,
				0,
				1,
				1,
				0.008547008547008548,
				1
			]
		},
		"useCollisionPoly": true,
		"tag": ""
	}
}