{
	"name": "DialogueText",
	"plugin-id": "Spritefont2",
	"sid": 141615078577298,
	"isGlobal": false,
	"instanceVariables": [],
	"behaviorTypes": [
		{
			"behaviorId": "Pin",
			"name": "Pin",
			"sid": 527976229994603
		},
		{
			"behaviorId": "Tween",
			"name": "Tween",
			"sid": 863620732066254
		}
	],
	"effectTypes": [],
	"image": {
		"width": 117,
		"height": 60,
		"originX": 0.8547008547008547,
		"originY": 0.7,
		"originalSource": "",
		"exportFormat": "lossless",
		"exportQuality": 0.8,
		"imageSpriteId": 5079196,
		"collisionPoly": {
			"points": [
				0.008547008547008548,
				0,
				1,
				0,
				1,
				1,
				0.008547008547008548,
				1
			]
		},
		"useCollisionPoly": true,
		"tag": ""
	}
}