{
	"name": "AmmoText",
	"plugin-id": "Sprite",
	"sid": 553752476693022,
	"isGlobal": false,
	"instanceVariables": [],
	"behaviorTypes": [
		{
			"behaviorId": "Sin",
			"name": "Sine",
			"sid": 334883889772701
		},
		{
			"behaviorId": "Sin",
			"name": "Sine2",
			"sid": 734992155057349
		}
	],
	"effectTypes": [],
	"animations": {
		"items": [
			{
				"frames": [
					{
						"width": 85,
						"height": 25,
						"originX": 0.5058823529411764,
						"originY": 0.52,
						"originalSource": "",
						"exportFormat": "lossless",
						"exportQuality": 0.8,
						"imageSpriteId": 419309,
						"useCollisionPoly": true,
						"duration": 1,
						"tag": ""
					}
				],
				"sid": 641083867184892,
				"name": "Animation 1",
				"isLooping": false,
				"isPingPong": false,
				"repeatCount": 1,
				"repeatTo": 0,
				"speed": 5
			}
		],
		"subfolders": []
	}
}