[["Platform",{"animations":"{\"expanded\":true,\"subfolders\":[]}"}],["Enemy",{"animations":"{\"expanded\":true,\"subfolders\":[]}"}],["Player",{"animations":"{\"expanded\":true,\"subfolders\":[]}"}],["HealthHUD",{"animations":"{\"expanded\":true,\"subfolders\":[]}"}],["HealthText",{"animations":"{\"expanded\":true,\"subfolders\":[]}"}],["HPBarBG",{"animations":"{\"expanded\":true,\"subfolders\":[]}"}],["Bullet",{"animations":"{\"expanded\":true,\"subfolders\":[]}"}],["Shell",{"animations":"{\"expanded\":true,\"subfolders\":[]}"}],["AmmoText",{"animations":"{\"expanded\":true,\"subfolders\":[]}"}],["SuccubossBody",{"animations":"{\"expanded\":true,\"subfolders\":[]}"}],["SuccubossHead",{"animations":"{\"expanded\":true,\"subfolders\":[]}"}],["SuccubossAccessories",{"animations":"{\"expanded\":true,\"subfolders\":[]}"}],["BG",{"animations":"{\"expanded\":true,\"subfolders\":[]}"}],["FG",{"animations":"{\"expanded\":true,\"subfolders\":[]}"}],["BlackBar",{"animations":"{\"expanded\":true,\"subfolders\":[]}"}],["Chain",{"animations":"{\"expanded\":true,\"subfolders\":[]}"}],["PlayerSprite",{"animations":"{\"expanded\":true,\"subfolders\":[]}"}],["Lava",{"animations":"{\"expanded\":true,\"subfolders\":[]}"}],["Gun",{"animations":"{\"expanded\":true,\"subfolders\":[]}"}],["Muzzle",{"animations":"{\"expanded\":true,\"subfolders\":[]}"}],["BulletTrail",{"animations":"{\"expanded\":true,\"subfolders\":[]}"}],["DiagChoice",{"animations":"{\"expanded\":true,\"subfolders\":[]}"}],["SuccubusHorns",{"animations":"{\"expanded\":true,\"subfolders\":[]}"}],["SuccubossEarring",{"animations":"{\"expanded\":true,\"subfolders\":[]}"}],["SuccubusEar",{"animations":"{\"expanded\":true,\"subfolders\":[]}"}],["SuccubusMouth",{"animations":"{\"expanded\":true,\"subfolders\":[]}"}],["EnemySprite",{"animations":"{\"expanded\":true,\"subfolders\":[{\"expanded\":true,\"subfolders\":[]},{\"expanded\":true,\"subfolders\":[]},{\"expanded\":true,\"subfolders\":[]},{\"expanded\":true,\"subfolders\":[]}]}"}],["EnemyEye",{"animations":"{\"expanded\":true,\"subfolders\":[]}"}],["CircleText",{"animations":"{\"expanded\":true,\"subfolders\":[]}"}],["EnemyWing",{"animations":"{\"expanded\":true,\"subfolders\":[]}"}],["EnemyBullet",{"animations":"{\"expanded\":true,\"subfolders\":[]}"}],["PlayerHand",{"animations":"{\"expanded\":true,\"subfolders\":[]}"}],["BulletHit",{"animations":"{\"expanded\":true,\"subfolders\":[]}"}],["Camera",{"animations":"{\"expanded\":true,\"subfolders\":[]}"}],["AmmoHudShake",{"animations":"{\"expanded\":true,\"subfolders\":[]}"}],["GameLogo",{"animations":"{\"expanded\":true,\"subfolders\":[]}"}],["ScaleHand",{"animations":"{\"expanded\":true,\"subfolders\":[]}"}],["ScaleCup",{"animations":"{\"expanded\":true,\"subfolders\":[]}"}],["PressStart",{"animations":"{\"expanded\":true,\"subfolders\":[]}"}],["CursorSprite",{"animations":"{\"expanded\":true,\"subfolders\":[]}"}],["GameManager",{"animations":"{\"expanded\":true,\"subfolders\":[]}"}],["SkipButton",{"animations":"{\"expanded\":true,\"subfolders\":[]}"}],["HeartEffect",{"animations":"{\"expanded\":true,\"subfolders\":[]}"}],["IntroBG",{"animations":"{\"expanded\":true,\"subfolders\":[]}"}],["DistortionMask",{"animations":"{\"expanded\":true,\"subfolders\":[]}"}],["ReloadHUD",{"animations":"{\"expanded\":true,\"subfolders\":[]}"}],["ReloadBar",{"animations":"{\"expanded\":true,\"subfolders\":[]}"}],["CreditsButton",{"animations":"{\"expanded\":true,\"subfolders\":[]}"}],["GameOver",{"animations":"{\"expanded\":true,\"subfolders\":[]}"}],["DeathEffect",{"animations":"{\"expanded\":true,\"subfolders\":[]}"}],["Heart",{"animations":"{\"expanded\":true,\"subfolders\":[]}"}],["Explosion",{"animations":"{\"expanded\":true,\"subfolders\":[]}"}]]