{
	"name": "Chain",
	"plugin-id": "Sprite",
	"sid": 250181428285677,
	"isGlobal": false,
	"instanceVariables": [],
	"behaviorTypes": [],
	"effectTypes": [
		{
			"effectId": "warpobject",
			"name": "WarpObject"
		},
		{
			"effectId": "skymen_BetterOutline",
			"name": "BetterOutline"
		}
	],
	"animations": {
		"items": [
			{
				"frames": [
					{
						"width": 9,
						"height": 295,
						"originX": 0.4444444444444444,
						"originY": 0.49830508474576274,
						"originalSource": "",
						"exportFormat": "lossless",
						"exportQuality": 0.8,
						"imageSpriteId": 8685672,
						"useCollisionPoly": true,
						"duration": 1,
						"tag": ""
					}
				],
				"sid": 869505880852169,
				"name": "Small",
				"isLooping": false,
				"isPingPong": false,
				"repeatCount": 1,
				"repeatTo": 0,
				"speed": 5
			},
			{
				"frames": [
					{
						"width": 12,
						"height": 341,
						"originX": 0.4166666666666667,
						"originY": 0.49560117302052786,
						"originalSource": "",
						"exportFormat": "lossless",
						"exportQuality": 0.8,
						"imageSpriteId": 3035541,
						"useCollisionPoly": true,
						"duration": 1,
						"tag": ""
					}
				],
				"sid": 806634090228558,
				"name": "Big",
				"isLooping": false,
				"isPingPong": false,
				"repeatCount": 1,
				"repeatTo": 0,
				"speed": 5
			}
		],
		"subfolders": []
	}
}