{
	"name": "LavaFlowParticles",
	"plugin-id": "Particles",
	"sid": 582937804750087,
	"isGlobal": false,
	"instanceVariables": [],
	"behaviorTypes": [
		{
			"behaviorId": "Timer",
			"name": "Timer",
			"sid": 554465575035211
		}
	],
	"effectTypes": [
		{
			"effectId": "skymen_BetterOutline",
			"name": "BetterOutline"
		}
	],
	"image": {
		"width": 8,
		"height": 8,
		"originX": 0.5,
		"originY": 0.5,
		"originalSource": "",
		"exportFormat": "lossless",
		"exportQuality": 0.8,
		"imageSpriteId": 1180597,
		"collisionPoly": {
			"points": [
				0.25,
				0.25,
				0.75,
				0.25,
				0.75,
				0.75,
				0.25,
				0.75
			]
		},
		"useCollisionPoly": true,
		"tag": ""
	}
}