{
	"name": "SuccubossEarring",
	"plugin-id": "Sprite",
	"sid": 672408054146258,
	"isGlobal": false,
	"instanceVariables": [],
	"behaviorTypes": [],
	"effectTypes": [],
	"animations": {
		"items": [
			{
				"frames": [
					{
						"width": 94,
						"height": 11,
						"originX": 0.5,
						"originY": -2.4545454545454546,
						"originalSource": "",
						"exportFormat": "lossless",
						"exportQuality": 0.8,
						"imageSpriteId": 7364086,
						"useCollisionPoly": true,
						"duration": 15,
						"tag": ""
					}
				],
				"sid": 694980230431241,
				"name": "Animation 1",
				"isLooping": true,
				"isPingPong": false,
				"repeatCount": 1,
				"repeatTo": 0,
				"speed": 6
			}
		],
		"subfolders": []
	}
}