{
	"name": "HeartEffect",
	"plugin-id": "Sprite",
	"sid": 581266348093309,
	"isGlobal": false,
	"instanceVariables": [],
	"behaviorTypes": [
		{
			"behaviorId": "Tween",
			"name": "Tween",
			"sid": 285904805105016
		}
	],
	"effectTypes": [],
	"animations": {
		"items": [
			{
				"frames": [
					{
						"width": 18,
						"height": 17,
						"originX": 0.5,
						"originY": 0.47058823529411764,
						"originalSource": "",
						"exportFormat": "lossless",
						"exportQuality": 0.8,
						"imageSpriteId": 867374,
						"collisionPoly": {
							"points": [
								0.16666666666666666,
								0.029411764705882353,
								0.8333333333333334,
								0.029411764705882353,
								0.8333333333333334,
								0.6764705882352942,
								0.16666666666666666,
								0.6764705882352942
							]
						},
						"useCollisionPoly": true,
						"duration": 1,
						"tag": ""
					}
				],
				"sid": 164490049832783,
				"name": "Animation 1",
				"isLooping": false,
				"isPingPong": false,
				"repeatCount": 1,
				"repeatTo": 0,
				"speed": 5
			},
			{
				"frames": [
					{
						"width": 12,
						"height": 11,
						"originX": 0.5,
						"originY": 0.45454545454545453,
						"originalSource": "",
						"exportFormat": "lossless",
						"exportQuality": 0.8,
						"imageSpriteId": 1976337,
						"useCollisionPoly": true,
						"duration": 1,
						"tag": ""
					}
				],
				"sid": 141329485303599,
				"name": "Animation 2",
				"isLooping": false,
				"isPingPong": false,
				"repeatCount": 1,
				"repeatTo": 0,
				"speed": 5
			}
		],
		"subfolders": []
	}
}