{
	"name": "Player",
	"plugin-id": "Sprite",
	"sid": 793198762542767,
	"isGlobal": false,
	"instanceVariables": [
		{
			"name": "State",
			"type": "string",
			"desc": "",
			"show": true,
			"sid": 727249677724423
		},
		{
			"name": "Dir",
			"type": "string",
			"desc": "",
			"show": true,
			"sid": 604985241376737
		}
	],
	"behaviorTypes": [
		{
			"behaviorId": "Platform",
			"name": "Platform",
			"sid": 793239858549720
		},
		{
			"behaviorId": "Timer",
			"name": "Timer",
			"sid": 407862858148678
		}
	],
	"effectTypes": [],
	"animations": {
		"items": [
			{
				"frames": [
					{
						"width": 24,
						"height": 24,
						"originX": 0.5,
						"originY": 1,
						"originalSource": "",
						"exportFormat": "lossless",
						"exportQuality": 0.8,
						"imageSpriteId": 9047932,
						"useCollisionPoly": true,
						"duration": 1,
						"tag": ""
					}
				],
				"sid": 446481596401509,
				"name": "Animation 1",
				"isLooping": false,
				"isPingPong": false,
				"repeatCount": 1,
				"repeatTo": 0,
				"speed": 5
			}
		],
		"subfolders": []
	}
}