{
	"name": "EnemyWing",
	"plugin-id": "Sprite",
	"sid": 841661814251406,
	"isGlobal": false,
	"instanceVariables": [],
	"behaviorTypes": [],
	"effectTypes": [],
	"animations": {
		"items": [
			{
				"frames": [
					{
						"width": 32,
						"height": 48,
						"originX": -0.375,
						"originY": 0.5833333333333334,
						"originalSource": "",
						"exportFormat": "lossless",
						"exportQuality": 0.8,
						"imageSpriteId": 6091264,
						"collisionPoly": {
							"points": [
								0.140625,
								0.2916666666666667,
								0.859375,
								0.2916666666666667,
								0.859375,
								0.7083333333333334,
								0.140625,
								0.7083333333333334
							]
						},
						"useCollisionPoly": true,
						"duration": 1,
						"tag": ""
					},
					{
						"width": 32,
						"height": 48,
						"originX": -0.375,
						"originY": 0.5833333333333334,
						"originalSource": "",
						"exportFormat": "lossless",
						"exportQuality": 0.8,
						"imageSpriteId": 4987167,
						"collisionPoly": {
							"points": [
								0.140625,
								0.2916666666666667,
								0.859375,
								0.2916666666666667,
								0.859375,
								0.7083333333333334,
								0.140625,
								0.7083333333333334
							]
						},
						"useCollisionPoly": true,
						"duration": 1,
						"tag": ""
					},
					{
						"width": 32,
						"height": 48,
						"originX": -0.375,
						"originY": 0.5833333333333334,
						"originalSource": "",
						"exportFormat": "lossless",
						"exportQuality": 0.8,
						"imageSpriteId": 4051586,
						"collisionPoly": {
							"points": [
								0.140625,
								0.2916666666666667,
								0.859375,
								0.2916666666666667,
								0.859375,
								0.7083333333333334,
								0.140625,
								0.7083333333333334
							]
						},
						"useCollisionPoly": true,
						"duration": 1,
						"tag": ""
					},
					{
						"width": 32,
						"height": 48,
						"originX": -0.375,
						"originY": 0.5833333333333334,
						"originalSource": "",
						"exportFormat": "lossless",
						"exportQuality": 0.8,
						"imageSpriteId": 8893585,
						"collisionPoly": {
							"points": [
								0,
								0.16666666666666666,
								1,
								0.16666666666666666,
								1,
								0.8333333333333334,
								0,
								0.8333333333333334
							]
						},
						"useCollisionPoly": true,
						"duration": 1,
						"tag": ""
					},
					{
						"width": 32,
						"height": 48,
						"originX": -0.375,
						"originY": 0.5833333333333334,
						"originalSource": "",
						"exportFormat": "lossless",
						"exportQuality": 0.8,
						"imageSpriteId": 9298120,
						"collisionPoly": {
							"points": [
								0,
								0.16666666666666666,
								1,
								0.16666666666666666,
								1,
								0.8333333333333334,
								0,
								0.8333333333333334
							]
						},
						"useCollisionPoly": true,
						"duration": 1,
						"tag": ""
					},
					{
						"width": 32,
						"height": 48,
						"originX": -0.375,
						"originY": 0.5833333333333334,
						"originalSource": "",
						"exportFormat": "lossless",
						"exportQuality": 0.8,
						"imageSpriteId": 2795132,
						"collisionPoly": {
							"points": [
								0,
								0.16666666666666666,
								1,
								0.16666666666666666,
								1,
								0.8333333333333334,
								0,
								0.8333333333333334
							]
						},
						"useCollisionPoly": true,
						"duration": 1,
						"tag": ""
					},
					{
						"width": 32,
						"height": 48,
						"originX": -0.375,
						"originY": 0.5833333333333334,
						"originalSource": "",
						"exportFormat": "lossless",
						"exportQuality": 0.8,
						"imageSpriteId": 8185298,
						"collisionPoly": {
							"points": [
								0,
								0.16666666666666666,
								1,
								0.16666666666666666,
								1,
								0.8333333333333334,
								0,
								0.8333333333333334
							]
						},
						"useCollisionPoly": true,
						"duration": 1,
						"tag": ""
					},
					{
						"width": 32,
						"height": 48,
						"originX": -0.375,
						"originY": 0.5833333333333334,
						"originalSource": "",
						"exportFormat": "lossless",
						"exportQuality": 0.8,
						"imageSpriteId": 947354,
						"collisionPoly": {
							"points": [
								0,
								0.16666666666666666,
								1,
								0.16666666666666666,
								1,
								0.8333333333333334,
								0,
								0.8333333333333334
							]
						},
						"useCollisionPoly": true,
						"duration": 1,
						"tag": ""
					},
					{
						"width": 32,
						"height": 48,
						"originX": -0.375,
						"originY": 0.5833333333333334,
						"originalSource": "",
						"exportFormat": "lossless",
						"exportQuality": 0.8,
						"imageSpriteId": 3515352,
						"collisionPoly": {
							"points": [
								0,
								0.16666666666666666,
								1,
								0.16666666666666666,
								1,
								0.8333333333333334,
								0,
								0.8333333333333334
							]
						},
						"useCollisionPoly": true,
						"duration": 1,
						"tag": ""
					},
					{
						"width": 32,
						"height": 48,
						"originX": -0.375,
						"originY": 0.5833333333333334,
						"originalSource": "",
						"exportFormat": "lossless",
						"exportQuality": 0.8,
						"imageSpriteId": 1487512,
						"collisionPoly": {
							"points": [
								0,
								0.16666666666666666,
								1,
								0.16666666666666666,
								1,
								0.8333333333333334,
								0,
								0.8333333333333334
							]
						},
						"useCollisionPoly": true,
						"duration": 1,
						"tag": ""
					}
				],
				"sid": 665048481050600,
				"name": "Pink",
				"isLooping": true,
				"isPingPong": false,
				"repeatCount": 1,
				"repeatTo": 0,
				"speed": 12
			},
			{
				"frames": [
					{
						"width": 32,
						"height": 48,
						"originX": -0.375,
						"originY": 0.5833333333333334,
						"originalSource": "",
						"exportFormat": "lossless",
						"exportQuality": 0.8,
						"imageSpriteId": 9638374,
						"collisionPoly": {
							"points": [
								0.140625,
								0.2916666666666667,
								0.859375,
								0.2916666666666667,
								0.859375,
								0.7083333333333334,
								0.140625,
								0.7083333333333334
							]
						},
						"useCollisionPoly": true,
						"duration": 1,
						"tag": ""
					},
					{
						"width": 32,
						"height": 48,
						"originX": -0.375,
						"originY": 0.5833333333333334,
						"originalSource": "",
						"exportFormat": "lossless",
						"exportQuality": 0.8,
						"imageSpriteId": 7104296,
						"collisionPoly": {
							"points": [
								0.140625,
								0.2916666666666667,
								0.859375,
								0.2916666666666667,
								0.859375,
								0.7083333333333334,
								0.140625,
								0.7083333333333334
							]
						},
						"useCollisionPoly": true,
						"duration": 1,
						"tag": ""
					},
					{
						"width": 32,
						"height": 48,
						"originX": -0.375,
						"originY": 0.5833333333333334,
						"originalSource": "",
						"exportFormat": "lossless",
						"exportQuality": 0.8,
						"imageSpriteId": 7944771,
						"collisionPoly": {
							"points": [
								0.140625,
								0.2916666666666667,
								0.859375,
								0.2916666666666667,
								0.859375,
								0.7083333333333334,
								0.140625,
								0.7083333333333334
							]
						},
						"useCollisionPoly": true,
						"duration": 1,
						"tag": ""
					},
					{
						"width": 32,
						"height": 48,
						"originX": -0.375,
						"originY": 0.5833333333333334,
						"originalSource": "",
						"exportFormat": "lossless",
						"exportQuality": 0.8,
						"imageSpriteId": 7149537,
						"collisionPoly": {
							"points": [
								0,
								0.16666666666666666,
								1,
								0.16666666666666666,
								1,
								0.8333333333333334,
								0,
								0.8333333333333334
							]
						},
						"useCollisionPoly": true,
						"duration": 1,
						"tag": ""
					},
					{
						"width": 32,
						"height": 48,
						"originX": -0.375,
						"originY": 0.5833333333333334,
						"originalSource": "",
						"exportFormat": "lossless",
						"exportQuality": 0.8,
						"imageSpriteId": 469316,
						"collisionPoly": {
							"points": [
								0,
								0.16666666666666666,
								1,
								0.16666666666666666,
								1,
								0.8333333333333334,
								0,
								0.8333333333333334
							]
						},
						"useCollisionPoly": true,
						"duration": 1,
						"tag": ""
					},
					{
						"width": 32,
						"height": 48,
						"originX": -0.375,
						"originY": 0.5833333333333334,
						"originalSource": "",
						"exportFormat": "lossless",
						"exportQuality": 0.8,
						"imageSpriteId": 44877,
						"collisionPoly": {
							"points": [
								0,
								0.16666666666666666,
								1,
								0.16666666666666666,
								1,
								0.8333333333333334,
								0,
								0.8333333333333334
							]
						},
						"useCollisionPoly": true,
						"duration": 1,
						"tag": ""
					},
					{
						"width": 32,
						"height": 48,
						"originX": -0.375,
						"originY": 0.5833333333333334,
						"originalSource": "",
						"exportFormat": "lossless",
						"exportQuality": 0.8,
						"imageSpriteId": 263754,
						"collisionPoly": {
							"points": [
								0,
								0.16666666666666666,
								1,
								0.16666666666666666,
								1,
								0.8333333333333334,
								0,
								0.8333333333333334
							]
						},
						"useCollisionPoly": true,
						"duration": 1,
						"tag": ""
					},
					{
						"width": 32,
						"height": 48,
						"originX": -0.375,
						"originY": 0.5833333333333334,
						"originalSource": "",
						"exportFormat": "lossless",
						"exportQuality": 0.8,
						"imageSpriteId": 5442277,
						"collisionPoly": {
							"points": [
								0,
								0.16666666666666666,
								1,
								0.16666666666666666,
								1,
								0.8333333333333334,
								0,
								0.8333333333333334
							]
						},
						"useCollisionPoly": true,
						"duration": 1,
						"tag": ""
					},
					{
						"width": 32,
						"height": 48,
						"originX": -0.375,
						"originY": 0.5833333333333334,
						"originalSource": "",
						"exportFormat": "lossless",
						"exportQuality": 0.8,
						"imageSpriteId": 6578802,
						"collisionPoly": {
							"points": [
								0,
								0.16666666666666666,
								1,
								0.16666666666666666,
								1,
								0.8333333333333334,
								0,
								0.8333333333333334
							]
						},
						"useCollisionPoly": true,
						"duration": 1,
						"tag": ""
					},
					{
						"width": 32,
						"height": 48,
						"originX": -0.375,
						"originY": 0.5833333333333334,
						"originalSource": "",
						"exportFormat": "lossless",
						"exportQuality": 0.8,
						"imageSpriteId": 6980313,
						"collisionPoly": {
							"points": [
								0,
								0.16666666666666666,
								1,
								0.16666666666666666,
								1,
								0.8333333333333334,
								0,
								0.8333333333333334
							]
						},
						"useCollisionPoly": true,
						"duration": 1,
						"tag": ""
					}
				],
				"sid": 813862918818903,
				"name": "Green",
				"isLooping": true,
				"isPingPong": false,
				"repeatCount": 1,
				"repeatTo": 0,
				"speed": 12
			},
			{
				"frames": [
					{
						"width": 32,
						"height": 48,
						"originX": -0.375,
						"originY": 0.5833333333333334,
						"originalSource": "",
						"exportFormat": "lossless",
						"exportQuality": 0.8,
						"imageSpriteId": 3024089,
						"collisionPoly": {
							"points": [
								0.140625,
								0.2916666666666667,
								0.859375,
								0.2916666666666667,
								0.859375,
								0.7083333333333334,
								0.140625,
								0.7083333333333334
							]
						},
						"useCollisionPoly": true,
						"duration": 1,
						"tag": ""
					},
					{
						"width": 32,
						"height": 48,
						"originX": -0.375,
						"originY": 0.5833333333333334,
						"originalSource": "",
						"exportFormat": "lossless",
						"exportQuality": 0.8,
						"imageSpriteId": 7752483,
						"collisionPoly": {
							"points": [
								0.140625,
								0.2916666666666667,
								0.859375,
								0.2916666666666667,
								0.859375,
								0.7083333333333334,
								0.140625,
								0.7083333333333334
							]
						},
						"useCollisionPoly": true,
						"duration": 1,
						"tag": ""
					},
					{
						"width": 32,
						"height": 48,
						"originX": -0.375,
						"originY": 0.5833333333333334,
						"originalSource": "",
						"exportFormat": "lossless",
						"exportQuality": 0.8,
						"imageSpriteId": 5872100,
						"collisionPoly": {
							"points": [
								0.140625,
								0.2916666666666667,
								0.859375,
								0.2916666666666667,
								0.859375,
								0.7083333333333334,
								0.140625,
								0.7083333333333334
							]
						},
						"useCollisionPoly": true,
						"duration": 1,
						"tag": ""
					},
					{
						"width": 32,
						"height": 48,
						"originX": -0.375,
						"originY": 0.5833333333333334,
						"originalSource": "",
						"exportFormat": "lossless",
						"exportQuality": 0.8,
						"imageSpriteId": 1771377,
						"collisionPoly": {
							"points": [
								0,
								0.16666666666666666,
								1,
								0.16666666666666666,
								1,
								0.8333333333333334,
								0,
								0.8333333333333334
							]
						},
						"useCollisionPoly": true,
						"duration": 1,
						"tag": ""
					},
					{
						"width": 32,
						"height": 48,
						"originX": -0.375,
						"originY": 0.5833333333333334,
						"originalSource": "",
						"exportFormat": "lossless",
						"exportQuality": 0.8,
						"imageSpriteId": 7708274,
						"collisionPoly": {
							"points": [
								0,
								0.16666666666666666,
								1,
								0.16666666666666666,
								1,
								0.8333333333333334,
								0,
								0.8333333333333334
							]
						},
						"useCollisionPoly": true,
						"duration": 1,
						"tag": ""
					},
					{
						"width": 32,
						"height": 48,
						"originX": -0.375,
						"originY": 0.5833333333333334,
						"originalSource": "",
						"exportFormat": "lossless",
						"exportQuality": 0.8,
						"imageSpriteId": 1214767,
						"collisionPoly": {
							"points": [
								0,
								0.16666666666666666,
								1,
								0.16666666666666666,
								1,
								0.8333333333333334,
								0,
								0.8333333333333334
							]
						},
						"useCollisionPoly": true,
						"duration": 1,
						"tag": ""
					},
					{
						"width": 32,
						"height": 48,
						"originX": -0.375,
						"originY": 0.5833333333333334,
						"originalSource": "",
						"exportFormat": "lossless",
						"exportQuality": 0.8,
						"imageSpriteId": 1012763,
						"collisionPoly": {
							"points": [
								0,
								0.16666666666666666,
								1,
								0.16666666666666666,
								1,
								0.8333333333333334,
								0,
								0.8333333333333334
							]
						},
						"useCollisionPoly": true,
						"duration": 1,
						"tag": ""
					},
					{
						"width": 32,
						"height": 48,
						"originX": -0.375,
						"originY": 0.5833333333333334,
						"originalSource": "",
						"exportFormat": "lossless",
						"exportQuality": 0.8,
						"imageSpriteId": 8814091,
						"collisionPoly": {
							"points": [
								0,
								0.16666666666666666,
								1,
								0.16666666666666666,
								1,
								0.8333333333333334,
								0,
								0.8333333333333334
							]
						},
						"useCollisionPoly": true,
						"duration": 1,
						"tag": ""
					},
					{
						"width": 32,
						"height": 48,
						"originX": -0.375,
						"originY": 0.5833333333333334,
						"originalSource": "",
						"exportFormat": "lossless",
						"exportQuality": 0.8,
						"imageSpriteId": 7374960,
						"collisionPoly": {
							"points": [
								0,
								0.16666666666666666,
								1,
								0.16666666666666666,
								1,
								0.8333333333333334,
								0,
								0.8333333333333334
							]
						},
						"useCollisionPoly": true,
						"duration": 1,
						"tag": ""
					},
					{
						"width": 32,
						"height": 48,
						"originX": -0.375,
						"originY": 0.5833333333333334,
						"originalSource": "",
						"exportFormat": "lossless",
						"exportQuality": 0.8,
						"imageSpriteId": 5058580,
						"collisionPoly": {
							"points": [
								0,
								0.16666666666666666,
								1,
								0.16666666666666666,
								1,
								0.8333333333333334,
								0,
								0.8333333333333334
							]
						},
						"useCollisionPoly": true,
						"duration": 1,
						"tag": ""
					}
				],
				"sid": 580142040389474,
				"name": "Blue",
				"isLooping": true,
				"isPingPong": false,
				"repeatCount": 1,
				"repeatTo": 0,
				"speed": 12
			},
			{
				"frames": [
					{
						"width": 32,
						"height": 48,
						"originX": -0.375,
						"originY": 0.5833333333333334,
						"originalSource": "",
						"exportFormat": "lossless",
						"exportQuality": 0.8,
						"imageSpriteId": 402662,
						"collisionPoly": {
							"points": [
								0.140625,
								0.2916666666666667,
								0.859375,
								0.2916666666666667,
								0.859375,
								0.7083333333333334,
								0.140625,
								0.7083333333333334
							]
						},
						"useCollisionPoly": true,
						"duration": 1,
						"tag": ""
					},
					{
						"width": 32,
						"height": 48,
						"originX": -0.375,
						"originY": 0.5833333333333334,
						"originalSource": "",
						"exportFormat": "lossless",
						"exportQuality": 0.8,
						"imageSpriteId": 5650698,
						"collisionPoly": {
							"points": [
								0.140625,
								0.2916666666666667,
								0.859375,
								0.2916666666666667,
								0.859375,
								0.7083333333333334,
								0.140625,
								0.7083333333333334
							]
						},
						"useCollisionPoly": true,
						"duration": 1,
						"tag": ""
					},
					{
						"width": 32,
						"height": 48,
						"originX": -0.375,
						"originY": 0.5833333333333334,
						"originalSource": "",
						"exportFormat": "lossless",
						"exportQuality": 0.8,
						"imageSpriteId": 401735,
						"collisionPoly": {
							"points": [
								0.140625,
								0.2916666666666667,
								0.859375,
								0.2916666666666667,
								0.859375,
								0.7083333333333334,
								0.140625,
								0.7083333333333334
							]
						},
						"useCollisionPoly": true,
						"duration": 1,
						"tag": ""
					},
					{
						"width": 32,
						"height": 48,
						"originX": -0.375,
						"originY": 0.5833333333333334,
						"originalSource": "",
						"exportFormat": "lossless",
						"exportQuality": 0.8,
						"imageSpriteId": 5187614,
						"collisionPoly": {
							"points": [
								0,
								0.16666666666666666,
								1,
								0.16666666666666666,
								1,
								0.8333333333333334,
								0,
								0.8333333333333334
							]
						},
						"useCollisionPoly": true,
						"duration": 1,
						"tag": ""
					},
					{
						"width": 32,
						"height": 48,
						"originX": -0.375,
						"originY": 0.5833333333333334,
						"originalSource": "",
						"exportFormat": "lossless",
						"exportQuality": 0.8,
						"imageSpriteId": 3681472,
						"collisionPoly": {
							"points": [
								0,
								0.16666666666666666,
								1,
								0.16666666666666666,
								1,
								0.8333333333333334,
								0,
								0.8333333333333334
							]
						},
						"useCollisionPoly": true,
						"duration": 1,
						"tag": ""
					},
					{
						"width": 32,
						"height": 48,
						"originX": -0.375,
						"originY": 0.5833333333333334,
						"originalSource": "",
						"exportFormat": "lossless",
						"exportQuality": 0.8,
						"imageSpriteId": 2256586,
						"collisionPoly": {
							"points": [
								0,
								0.16666666666666666,
								1,
								0.16666666666666666,
								1,
								0.8333333333333334,
								0,
								0.8333333333333334
							]
						},
						"useCollisionPoly": true,
						"duration": 1,
						"tag": ""
					},
					{
						"width": 32,
						"height": 48,
						"originX": -0.375,
						"originY": 0.5833333333333334,
						"originalSource": "",
						"exportFormat": "lossless",
						"exportQuality": 0.8,
						"imageSpriteId": 969255,
						"collisionPoly": {
							"points": [
								0,
								0.16666666666666666,
								1,
								0.16666666666666666,
								1,
								0.8333333333333334,
								0,
								0.8333333333333334
							]
						},
						"useCollisionPoly": true,
						"duration": 1,
						"tag": ""
					},
					{
						"width": 32,
						"height": 48,
						"originX": -0.375,
						"originY": 0.5833333333333334,
						"originalSource": "",
						"exportFormat": "lossless",
						"exportQuality": 0.8,
						"imageSpriteId": 972507,
						"collisionPoly": {
							"points": [
								0,
								0.16666666666666666,
								1,
								0.16666666666666666,
								1,
								0.8333333333333334,
								0,
								0.8333333333333334
							]
						},
						"useCollisionPoly": true,
						"duration": 1,
						"tag": ""
					},
					{
						"width": 32,
						"height": 48,
						"originX": -0.375,
						"originY": 0.5833333333333334,
						"originalSource": "",
						"exportFormat": "lossless",
						"exportQuality": 0.8,
						"imageSpriteId": 9217564,
						"collisionPoly": {
							"points": [
								0,
								0.16666666666666666,
								1,
								0.16666666666666666,
								1,
								0.8333333333333334,
								0,
								0.8333333333333334
							]
						},
						"useCollisionPoly": true,
						"duration": 1,
						"tag": ""
					},
					{
						"width": 32,
						"height": 48,
						"originX": -0.375,
						"originY": 0.5833333333333334,
						"originalSource": "",
						"exportFormat": "lossless",
						"exportQuality": 0.8,
						"imageSpriteId": 3147548,
						"collisionPoly": {
							"points": [
								0,
								0.16666666666666666,
								1,
								0.16666666666666666,
								1,
								0.8333333333333334,
								0,
								0.8333333333333334
							]
						},
						"useCollisionPoly": true,
						"duration": 1,
						"tag": ""
					}
				],
				"sid": 981043380162673,
				"name": "Yellow",
				"isLooping": true,
				"isPingPong": false,
				"repeatCount": 1,
				"repeatTo": 0,
				"speed": 12
			}
		],
		"subfolders": []
	}
}