{
	"name": "DistortionMask",
	"plugin-id": "Sprite",
	"sid": 431069272436439,
	"isGlobal": false,
	"instanceVariables": [],
	"behaviorTypes": [
		{
			"behaviorId": "Sin",
			"name": "Sine",
			"sid": 511441663237311
		}
	],
	"effectTypes": [
		{
			"effectId": "blurhorizontal",
			"name": "BlurHorizontal"
		},
		{
			"effectId": "blurvertical",
			"name": "BlurVertical"
		},
		{
			"effectId": "warpobjectmask",
			"name": "WarpObjectMask"
		}
	],
	"animations": {
		"items": [
			{
				"frames": [
					{
						"width": 64,
						"height": 64,
						"originX": 0.5,
						"originY": 0.5,
						"originalSource": "",
						"exportFormat": "lossless",
						"exportQuality": 0.8,
						"imageSpriteId": 7956028,
						"useCollisionPoly": true,
						"duration": 1,
						"tag": ""
					}
				],
				"sid": 946111410905199,
				"name": "Default",
				"isLooping": false,
				"isPingPong": false,
				"repeatCount": 1,
				"repeatTo": 0,
				"speed": 0
			}
		],
		"subfolders": []
	}
}