{
	"name": "EnemyEye",
	"plugin-id": "Sprite",
	"sid": 344618489715497,
	"isGlobal": false,
	"instanceVariables": [],
	"behaviorTypes": [
		{
			"behaviorId": "Timer",
			"name": "Timer",
			"sid": 674323305746826
		}
	],
	"effectTypes": [],
	"animations": {
		"items": [
			{
				"frames": [
					{
						"width": 14,
						"height": 12,
						"originX": 0.5,
						"originY": 0.5,
						"originalSource": "",
						"exportFormat": "lossless",
						"exportQuality": 0.8,
						"imageSpriteId": 917350,
						"collisionPoly": {
							"points": [
								0,
								0,
								0.9285714285714286,
								0,
								0.9285714285714286,
								1,
								0,
								1
							]
						},
						"useCollisionPoly": true,
						"duration": 1,
						"tag": ""
					},
					{
						"width": 14,
						"height": 12,
						"originX": 0.5,
						"originY": 0.5,
						"originalSource": "",
						"exportFormat": "lossless",
						"exportQuality": 0.8,
						"imageSpriteId": 2484062,
						"collisionPoly": {
							"points": [
								0,
								0,
								0.9285714285714286,
								0,
								0.9285714285714286,
								1,
								0,
								1
							]
						},
						"useCollisionPoly": true,
						"duration": 1,
						"tag": ""
					},
					{
						"width": 14,
						"height": 12,
						"originX": 0.5,
						"originY": 0.5,
						"originalSource": "",
						"exportFormat": "lossless",
						"exportQuality": 0.8,
						"imageSpriteId": 6581231,
						"collisionPoly": {
							"points": [
								0,
								0,
								0.9285714285714286,
								0,
								0.9285714285714286,
								1,
								0,
								1
							]
						},
						"useCollisionPoly": true,
						"duration": 1,
						"tag": ""
					},
					{
						"width": 14,
						"height": 12,
						"originX": 0.5,
						"originY": 0.5,
						"originalSource": "",
						"exportFormat": "lossless",
						"exportQuality": 0.8,
						"imageSpriteId": 2886888,
						"collisionPoly": {
							"points": [
								0,
								0,
								0.9285714285714286,
								0,
								0.9285714285714286,
								1,
								0,
								1
							]
						},
						"useCollisionPoly": true,
						"duration": 1,
						"tag": ""
					},
					{
						"width": 14,
						"height": 12,
						"originX": 0.5,
						"originY": 0.5,
						"originalSource": "",
						"exportFormat": "lossless",
						"exportQuality": 0.8,
						"imageSpriteId": 3555183,
						"collisionPoly": {
							"points": [
								0,
								0,
								0.9285714285714286,
								0,
								0.9285714285714286,
								1,
								0,
								1
							]
						},
						"useCollisionPoly": true,
						"duration": 1,
						"tag": ""
					},
					{
						"width": 14,
						"height": 12,
						"originX": 0.5,
						"originY": 0.5,
						"originalSource": "",
						"exportFormat": "lossless",
						"exportQuality": 0.8,
						"imageSpriteId": 8731869,
						"collisionPoly": {
							"points": [
								1,
								1,
								0.0714285714285714,
								1,
								0.0714285714285714,
								0,
								1,
								0
							]
						},
						"useCollisionPoly": true,
						"duration": 1,
						"tag": ""
					},
					{
						"width": 14,
						"height": 12,
						"originX": 0.5,
						"originY": 0.5,
						"originalSource": "",
						"exportFormat": "lossless",
						"exportQuality": 0.8,
						"imageSpriteId": 7186964,
						"collisionPoly": {
							"points": [
								1,
								1,
								0.0714285714285714,
								1,
								0.0714285714285714,
								0,
								1,
								0
							]
						},
						"useCollisionPoly": true,
						"duration": 1,
						"tag": ""
					},
					{
						"width": 14,
						"height": 12,
						"originX": 0.5,
						"originY": 0.5,
						"originalSource": "",
						"exportFormat": "lossless",
						"exportQuality": 0.8,
						"imageSpriteId": 6218405,
						"collisionPoly": {
							"points": [
								1,
								1,
								0.0714285714285714,
								1,
								0.0714285714285714,
								0,
								1,
								0
							]
						},
						"useCollisionPoly": true,
						"duration": 1,
						"tag": ""
					},
					{
						"width": 14,
						"height": 12,
						"originX": 0.5,
						"originY": 0.5,
						"originalSource": "",
						"exportFormat": "lossless",
						"exportQuality": 0.8,
						"imageSpriteId": 789661,
						"collisionPoly": {
							"points": [
								1,
								1,
								0.0714285714285714,
								1,
								0.0714285714285714,
								0,
								1,
								0
							]
						},
						"useCollisionPoly": true,
						"duration": 1,
						"tag": ""
					}
				],
				"sid": 249421497035079,
				"name": "Animation 1",
				"isLooping": false,
				"isPingPong": false,
				"repeatCount": 1,
				"repeatTo": 0,
				"speed": 0
			}
		],
		"subfolders": []
	}
}