{
	"name": "ReloadBar",
	"plugin-id": "Sprite",
	"sid": 481215648438740,
	"isGlobal": false,
	"instanceVariables": [],
	"behaviorTypes": [
		{
			"behaviorId": "Tween",
			"name": "Tween",
			"sid": 905832382738872
		}
	],
	"effectTypes": [],
	"animations": {
		"items": [
			{
				"frames": [
					{
						"width": 32,
						"height": 6,
						"originX": 0,
						"originY": 0.5,
						"originalSource": "",
						"exportFormat": "lossless",
						"exportQuality": 0.8,
						"imageSpriteId": 7681595,
						"collisionPoly": {
							"points": [
								0,
								0.16666666666666666,
								1,
								0.16666666666666666,
								1,
								0.8333333333333334,
								0,
								0.8333333333333334
							]
						},
						"useCollisionPoly": true,
						"duration": 1,
						"tag": ""
					}
				],
				"sid": 914169359148857,
				"name": "Animation 1",
				"isLooping": false,
				"isPingPong": false,
				"repeatCount": 1,
				"repeatTo": 0,
				"speed": 5
			}
		],
		"subfolders": []
	}
}