{
	"name": "IntroBG",
	"plugin-id": "Sprite",
	"sid": 187180250221136,
	"isGlobal": false,
	"instanceVariables": [],
	"behaviorTypes": [],
	"effectTypes": [
		{
			"effectId": "blurhorizontal",
			"name": "BlurHorizontal"
		},
		{
			"effectId": "blurvertical",
			"name": "BlurVertical"
		}
	],
	"animations": {
		"items": [
			{
				"frames": [
					{
						"width": 204,
						"height": 204,
						"originX": 0.5735294117647058,
						"originY": 0.47549019607843135,
						"originalSource": "",
						"exportFormat": "lossless",
						"exportQuality": 0.8,
						"imageSpriteId": 4752193,
						"useCollisionPoly": true,
						"duration": 1,
						"tag": ""
					}
				],
				"sid": 143275249024393,
				"name": "Animation 1",
				"isLooping": false,
				"isPingPong": false,
				"repeatCount": 1,
				"repeatTo": 0,
				"speed": 5
			}
		],
		"subfolders": []
	}
}