{
	"name": "LavaBubble",
	"plugin-id": "Sprite",
	"sid": 873339467766912,
	"isGlobal": false,
	"instanceVariables": [
		{
			"name": "InitialX",
			"type": "number",
			"desc": "",
			"show": true,
			"sid": 414374559306964
		},
		{
			"name": "InitialY",
			"type": "number",
			"desc": "",
			"show": true,
			"sid": 895540345670533
		}
	],
	"behaviorTypes": [],
	"effectTypes": [],
	"animations": {
		"items": [
			{
				"frames": [
					{
						"width": 16,
						"height": 16,
						"originX": 0,
						"originY": 0.5,
						"originalSource": "",
						"exportFormat": "lossless",
						"exportQuality": 0.8,
						"imageSpriteId": 8183882,
						"collisionPoly": {
							"points": [
								1,
								0,
								1,
								1,
								0,
								1,
								0,
								0
							]
						},
						"useCollisionPoly": true,
						"duration": 1,
						"tag": ""
					},
					{
						"width": 16,
						"height": 16,
						"originX": 0,
						"originY": 0.5,
						"originalSource": "",
						"exportFormat": "lossless",
						"exportQuality": 0.8,
						"imageSpriteId": 2844915,
						"collisionPoly": {
							"points": [
								1,
								0,
								1,
								1,
								0,
								1,
								0,
								0
							]
						},
						"useCollisionPoly": true,
						"duration": 1,
						"tag": ""
					},
					{
						"width": 16,
						"height": 16,
						"originX": 0,
						"originY": 0.5,
						"originalSource": "",
						"exportFormat": "lossless",
						"exportQuality": 0.8,
						"imageSpriteId": 9428356,
						"collisionPoly": {
							"points": [
								1,
								0,
								1,
								1,
								0,
								1,
								0,
								0
							]
						},
						"useCollisionPoly": true,
						"duration": 1,
						"tag": ""
					},
					{
						"width": 16,
						"height": 16,
						"originX": 0,
						"originY": 0.5,
						"originalSource": "",
						"exportFormat": "lossless",
						"exportQuality": 0.8,
						"imageSpriteId": 9815038,
						"collisionPoly": {
							"points": [
								1,
								0,
								1,
								1,
								0,
								1,
								0,
								0
							]
						},
						"useCollisionPoly": true,
						"duration": 1,
						"tag": ""
					},
					{
						"width": 16,
						"height": 16,
						"originX": 0,
						"originY": 0.5,
						"originalSource": "",
						"exportFormat": "lossless",
						"exportQuality": 0.8,
						"imageSpriteId": 2452811,
						"collisionPoly": {
							"points": [
								1,
								0,
								1,
								1,
								0,
								1,
								0,
								0
							]
						},
						"useCollisionPoly": true,
						"duration": 1,
						"tag": ""
					},
					{
						"width": 16,
						"height": 16,
						"originX": 0,
						"originY": 0.5,
						"originalSource": "",
						"exportFormat": "lossless",
						"exportQuality": 0.8,
						"imageSpriteId": 7319658,
						"collisionPoly": {
							"points": [
								1,
								0,
								1,
								1,
								0,
								1,
								0,
								0
							]
						},
						"useCollisionPoly": true,
						"duration": 1,
						"tag": ""
					},
					{
						"width": 16,
						"height": 16,
						"originX": 0,
						"originY": 0.5,
						"originalSource": "",
						"exportFormat": "lossless",
						"exportQuality": 0.8,
						"imageSpriteId": 2986287,
						"useCollisionPoly": true,
						"duration": 1,
						"tag": ""
					}
				],
				"sid": 966376668018899,
				"name": "Default",
				"isLooping": false,
				"isPingPong": false,
				"repeatCount": 1,
				"repeatTo": 0,
				"speed": 10
			}
		],
		"subfolders": []
	}
}