{"propertiesBar":{"properties":[{"name":"About","expanded":true,"children":[]},{"name":"Colors","expanded":true,"children":[]},{"name":"Startup","expanded":true,"children":[]},{"name":"Display","expanded":true,"children":[{"name":"Viewport size","expanded":false,"children":[]}]},{"name":"Advanced","expanded":false,"children":[]},{"name":"Compatibility settings","expanded":false,"children":[]},{"name":"Editor","expanded":true,"children":[]}],"scrollPosition":0},"openTabs":{"active":{"name":"TitleScreen","type":"layout"},"open":[{"name":"Level","type":"layout"},{"name":"eGameplay","type":"eventSheet"},{"name":"ObjectDB","type":"layout"},{"name":"Intro","type":"layout"},{"name":"eIntro","type":"eventSheet"},{"name":"TitleScreen","type":"layout"},{"name":"eTitle","type":"eventSheet"},{"name":"Logo","type":"layout"},{"name":"eLogo","type":"eventSheet"},{"name":"End","type":"layout"},{"name":"eEnd","type":"eventSheet"},{"name":"intro.xml","type":"projectFile"}]},"previewEffects":true,"previewBrowser":"default","pauseOnUnfocus":false,"projectBar":{"name":"<root>","children":[{"name":"The Scales of Judgement","expanded":true,"children":[{"name":"Layouts","expanded":true,"children":[{"name":"ObjectDB","expanded":true,"children":[]},{"name":"Logo","expanded":true,"children":[]},{"name":"TitleScreen","expanded":true,"children":[]},{"name":"Intro","expanded":true,"children":[]},{"name":"Level","expanded":true,"children":[]},{"name":"End","expanded":true,"children":[]}]},{"name":"Event sheets","expanded":true,"children":[{"name":"eEnd","expanded":true,"children":[]},{"name":"eGameplay","expanded":true,"children":[]},{"name":"eIntro","expanded":true,"children":[]},{"name":"eLogo","expanded":true,"children":[]},{"name":"eTitle","expanded":true,"children":[]}]},{"name":"Scripts","expanded":true,"children":[]},{"name":"Object types","expanded":true,"children":[{"name":"BG","expanded":false,"children":[{"name":"BG","expanded":true,"children":[]},{"name":"Chain","expanded":true,"children":[]},{"name":"FG","expanded":true,"children":[]},{"name":"HellBG","expanded":true,"children":[]},{"name":"Lava","expanded":true,"children":[]},{"name":"Platform","expanded":true,"children":[]}]},{"name":"Effects","expanded":false,"children":[{"name":"BlackBar","expanded":true,"children":[]},{"name":"BorderEffect","expanded":true,"children":[]},{"name":"BulletHit","expanded":true,"children":[]},{"name":"BulletTrail","expanded":true,"children":[]},{"name":"DistortionMask","expanded":true,"children":[]},{"name":"DustParticles","expanded":true,"children":[]},{"name":"HeartEffect","expanded":true,"children":[]},{"name":"LavaBubble","expanded":true,"children":[]},{"name":"LavaFlowParticles","expanded":true,"children":[]},{"name":"LavaSparkles","expanded":true,"children":[]},{"name":"Muzzle","expanded":true,"children":[]}]},{"name":"Enemy","expanded":false,"children":[{"name":"Enemy","expanded":true,"children":[]},{"name":"EnemyBullet","expanded":true,"children":[]},{"name":"EnemyEye","expanded":true,"children":[]},{"name":"EnemySprite","expanded":true,"children":[]},{"name":"EnemyWing","expanded":true,"children":[]}]},{"name":"HUD","expanded":false,"children":[{"name":"AmmoHUD","expanded":true,"children":[]},{"name":"AmmoHudShake","expanded":true,"children":[]},{"name":"AmmoText","expanded":true,"children":[]},{"name":"BulletHUDBg","expanded":true,"children":[]},{"name":"CircleText","expanded":true,"children":[]},{"name":"CreditsButton","expanded":true,"children":[]},{"name":"Cursor","expanded":true,"children":[]},{"name":"CursorSprite","expanded":true,"children":[]},{"name":"FinishLine","expanded":true,"children":[]},{"name":"GameOver","expanded":true,"children":[]},{"name":"HealthBar","expanded":true,"children":[]},{"name":"HealthHUD","expanded":true,"children":[]},{"name":"HealthText","expanded":true,"children":[]},{"name":"HPBarBG","expanded":true,"children":[]},{"name":"HPPaarticles","expanded":true,"children":[]},{"name":"HPPaarticles2","expanded":true,"children":[]},{"name":"ReloadBar","expanded":true,"children":[]},{"name":"ReloadHUD","expanded":true,"children":[]},{"name":"Shell","expanded":true,"children":[]},{"name":"SkipButton","expanded":true,"children":[]}]},{"name":"Intro","expanded":false,"children":[{"name":"DiagChoice","expanded":true,"children":[]},{"name":"DiagChoiceText","expanded":true,"children":[]},{"name":"DialogueBox","expanded":true,"children":[]},{"name":"DialogueText","expanded":true,"children":[]},{"name":"FeatureKreep","expanded":true,"children":[]},{"name":"FeatureKreepLogo","expanded":true,"children":[]},{"name":"GameLogo","expanded":true,"children":[]},{"name":"GameplayTip","expanded":true,"children":[]},{"name":"IntroBG","expanded":true,"children":[]},{"name":"Presents","expanded":true,"children":[]},{"name":"PressStart","expanded":true,"children":[]},{"name":"ScaleCup","expanded":true,"children":[]},{"name":"ScaleHand","expanded":true,"children":[]},{"name":"SuccubossAccessories","expanded":true,"children":[]},{"name":"SuccubossBody","expanded":true,"children":[]},{"name":"SuccubossEarring","expanded":true,"children":[]},{"name":"SuccubossHead","expanded":true,"children":[]},{"name":"SuccubusEar","expanded":true,"children":[]},{"name":"SuccubusHorns","expanded":true,"children":[]},{"name":"SuccubusMouth","expanded":true,"children":[]},{"name":"ThanksText","expanded":true,"children":[]}]},{"name":"Player","expanded":true,"children":[{"name":"Bullet","expanded":true,"children":[]},{"name":"Gun","expanded":true,"children":[]},{"name":"Player","expanded":true,"children":[]},{"name":"PlayerHand","expanded":true,"children":[]},{"name":"PlayerSprite","expanded":true,"children":[]}]},{"name":"System","expanded":true,"children":[{"name":"AJAX","expanded":true,"children":[]},{"name":"Audio","expanded":true,"children":[]},{"name":"Camera","expanded":true,"children":[]},{"name":"GameManager","expanded":true,"children":[]},{"name":"Keyboard","expanded":true,"children":[]},{"name":"Mouse","expanded":true,"children":[]},{"name":"TimelineController","expanded":true,"children":[]},{"name":"XML","expanded":true,"children":[]}]},{"name":"CreditsText","expanded":true,"children":[]},{"name":"DeathEffect","expanded":true,"children":[]},{"name":"Explosion","expanded":true,"children":[]},{"name":"Heart","expanded":true,"children":[]},{"name":"MenuBG","expanded":true,"children":[]},{"name":"Text","expanded":true,"children":[]}]},{"name":"Families","expanded":true,"children":[{"name":"HUDElements","expanded":false,"children":[{"name":"AmmoHudShake","expanded":true,"children":[]},{"name":"AmmoText","expanded":true,"children":[]},{"name":"HealthHUD","expanded":true,"children":[]},{"name":"HealthText","expanded":true,"children":[]}]}]},{"name":"Timelines","expanded":true,"children":[{"name":"Eases","expanded":false,"children":[]},{"name":"Succuboss","expanded":true,"children":[]},{"name":"Timeline 1","expanded":true,"children":[]}]},{"name":"Sounds","expanded":true,"children":[{"name":"angel.webm","expanded":true,"children":[]},{"name":"bounce.webm","expanded":true,"children":[]},{"name":"death.webm","expanded":true,"children":[]},{"name":"dialogue.webm","expanded":true,"children":[]},{"name":"heart.webm","expanded":true,"children":[]},{"name":"hehehe.webm","expanded":true,"children":[]},{"name":"huh.webm","expanded":true,"children":[]},{"name":"intro-bgm.webm","expanded":true,"children":[]},{"name":"laugh.webm","expanded":true,"children":[]},{"name":"laugh2.webm","expanded":true,"children":[]},{"name":"laugh3.webm","expanded":true,"children":[]},{"name":"lava.webm","expanded":true,"children":[]},{"name":"reload.webm","expanded":true,"children":[]},{"name":"scale-of-judgement-theme.webm","expanded":true,"children":[]},{"name":"scales-of-judgement-intro.webm","expanded":true,"children":[]},{"name":"shoot.webm","expanded":true,"children":[]},{"name":"sigh.webm","expanded":true,"children":[]}]},{"name":"Music","expanded":true,"children":[]},{"name":"Videos","expanded":true,"children":[]},{"name":"Fonts","expanded":true,"children":[]},{"name":"Icons","expanded":false,"children":[{"name":"icon-128.png","expanded":true,"children":[]},{"name":"icon-16.png","expanded":true,"children":[]},{"name":"icon-256.png","expanded":true,"children":[]},{"name":"icon-32.png","expanded":true,"children":[]},{"name":"icon-512.png","expanded":true,"children":[]},{"name":"icon-64.png","expanded":true,"children":[]},{"name":"loading-logo.png","expanded":true,"children":[]}]},{"name":"Files","expanded":true,"children":[{"name":"intro.xml","expanded":true,"children":[]}]}]}]},"propertiesBarActiveObject":{"name":"TitleScreen","type":"layout"},"containers":[{"selectMode":"normal"},{"selectMode":"normal"}]}