{"propertiesBar":{"properties":[{"name":"Timeline","expanded":true,"children":[{"name":"Ease properties","expanded":true,"children":[]}]},{"name":"Time","expanded":true,"children":[{"name":"Step","expanded":true,"children":[]}]},{"name":"Miscellaneous","expanded":true,"children":[]},{"name":"Editor","expanded":true,"children":[]}],"scrollPosition":0},"visible":true,"locked":false,"expanded":true,"showUIElements":true,"timelineElementsCollections":[{"indexes":[30,32,34,38,40,44,46,50,52,56,58],"properties":{"properties":[{"name":"Common timeline properties","expanded":true,"children":[]}],"scrollPosition":0}},{"indexes":[18,20,26,33,39,45,51,57],"properties":{"properties":[{"name":"Common timeline properties","expanded":true,"children":[]}],"scrollPosition":0}},{"indexes":[20,26,33,39,45,51,57],"properties":{"properties":[{"name":"Common timeline properties","expanded":true,"children":[]}],"scrollPosition":0}},{"indexes":[12,18,20,22,26,28,34,35,40,41,46,47,52,53,58,59],"properties":{"properties":[{"name":"Common timeline properties","expanded":true,"children":[]}],"scrollPosition":0}},{"indexes":[30,34,40,46,52,58],"properties":{"properties":[{"name":"Common timeline properties","expanded":true,"children":[]}],"scrollPosition":0}},{"indexes":[66,72],"properties":{"properties":[{"name":"Common property track properties","expanded":true,"children":[]}],"scrollPosition":0}},{"indexes":[84,90],"properties":{"properties":[{"name":"Common property track properties","expanded":true,"children":[]}],"scrollPosition":0}},{"indexes":[12,20,26],"properties":{"properties":[{"name":"Common timeline properties","expanded":true,"children":[]}],"scrollPosition":0}},{"indexes":[63,69,75],"properties":{"properties":[{"name":"Common timeline properties","expanded":true,"children":[]}],"scrollPosition":0}},{"indexes":[81,87,93],"properties":{"properties":[{"name":"Common timeline properties","expanded":true,"children":[]}],"scrollPosition":0}},{"indexes":[0,14,2,8],"properties":{"properties":[{"name":"Common timeline properties","expanded":true,"children":[]}],"scrollPosition":0}},{"indexes":[96,102,108,120],"properties":{"properties":[{"name":"Common timeline properties","expanded":true,"children":[]}],"scrollPosition":0}},{"indexes":[33,39,45,51,57],"properties":{"properties":[{"name":"Common timeline properties","expanded":true,"children":[]}],"scrollPosition":0}},{"indexes":[34,40,46,52,58],"properties":{"properties":[{"name":"Common timeline properties","expanded":true,"children":[]}],"scrollPosition":0}},{"indexes":[0,1,10,16,4],"properties":{"properties":[{"name":"Common timeline properties","expanded":true,"children":[]}],"scrollPosition":0}},{"indexes":[18,20,26,33,50],"properties":{"properties":[{"name":"Common timeline properties","expanded":true,"children":[]}],"scrollPosition":0}},{"indexes":[96,102,108,114,120],"properties":{"properties":[{"name":"Common timeline properties","expanded":true,"children":[]}],"scrollPosition":0}},{"indexes":[96,102],"properties":{"properties":[{"name":"Common timeline properties","expanded":true,"children":[]}],"scrollPosition":0}},{"indexes":[96,102,108],"properties":{"properties":[{"name":"Common timeline properties","expanded":true,"children":[]}],"scrollPosition":0}},{"indexes":[96,102,108,114],"properties":{"properties":[{"name":"Common timeline properties","expanded":true,"children":[]}],"scrollPosition":0}},{"indexes":[102,108,114],"properties":{"properties":[{"name":"Common property track properties","expanded":true,"children":[]}],"scrollPosition":0}}],"tracks":[{"keyframes":[{"time":0,"tags":"","propertiesBar":{"properties":[{"name":"Master keyframe","expanded":true,"children":[{"name":"Ease properties","expanded":true,"children":[]}]}],"scrollPosition":0},"visible":true,"locked":false,"expanded":true,"showUIElements":true,"timelineElementsCollections":[]},{"time":0.3,"tags":"","propertiesBar":{},"visible":true,"locked":false,"expanded":true,"showUIElements":true,"timelineElementsCollections":[]},{"time":0.5,"tags":"","propertiesBar":{},"visible":true,"locked":false,"expanded":true,"showUIElements":true,"timelineElementsCollections":[]},{"time":1,"tags":"","propertiesBar":{},"visible":true,"locked":false,"expanded":true,"showUIElements":true,"timelineElementsCollections":[]},{"time":1.2,"tags":"","propertiesBar":{"properties":[{"name":"Master keyframe","expanded":true,"children":[{"name":"Ease properties","expanded":true,"children":[]}]}],"scrollPosition":0},"visible":true,"locked":false,"expanded":true,"showUIElements":true,"timelineElementsCollections":[]}],"propertyTracks":[{"property":"offsetX","source":{"type":"world-instance","uid":28},"propertiesBar":{"properties":[{"name":"Property track","expanded":true,"children":[{"name":"Ease properties","expanded":true,"children":[]}]},{"name":"Editor","expanded":true,"children":[]}],"scrollPosition":0},"visible":true,"locked":false,"expanded":true,"showUIElements":true,"timelineElementsCollections":[],"propertyKeyframes":[{"time":0,"propertiesBar":{},"visible":true,"locked":false,"expanded":true,"showUIElements":true,"timelineElementsCollections":[]},{"time":0.3,"propertiesBar":{},"visible":true,"locked":false,"expanded":true,"showUIElements":true,"timelineElementsCollections":[]},{"time":0.5,"propertiesBar":{},"visible":true,"locked":false,"expanded":true,"showUIElements":true,"timelineElementsCollections":[]},{"time":1,"propertiesBar":{},"visible":true,"locked":false,"expanded":true,"showUIElements":true,"timelineElementsCollections":[]},{"time":1.2,"propertiesBar":{},"visible":true,"locked":false,"expanded":true,"showUIElements":true,"timelineElementsCollections":[]}]},{"property":"offsetY","source":{"type":"world-instance","uid":28},"propertiesBar":{"properties":[{"name":"Property track","expanded":true,"children":[{"name":"Ease properties","expanded":true,"children":[]}]},{"name":"Editor","expanded":true,"children":[]}],"scrollPosition":0},"visible":true,"locked":false,"expanded":true,"showUIElements":true,"timelineElementsCollections":[],"propertyKeyframes":[{"time":0,"propertiesBar":{},"visible":true,"locked":false,"expanded":true,"showUIElements":true,"timelineElementsCollections":[]},{"time":0.3,"propertiesBar":{},"visible":true,"locked":false,"expanded":true,"showUIElements":true,"timelineElementsCollections":[]},{"time":0.5,"propertiesBar":{},"visible":true,"locked":false,"expanded":true,"showUIElements":true,"timelineElementsCollections":[]},{"time":1,"propertiesBar":{},"visible":true,"locked":false,"expanded":true,"showUIElements":true,"timelineElementsCollections":[]},{"time":1.2,"propertiesBar":{},"visible":true,"locked":false,"expanded":true,"showUIElements":true,"timelineElementsCollections":[]}]}],"propertyTracksRoot":{"name":"Property Track Folder","items":[],"subfolders":[],"propertiesBar":{},"visible":true,"locked":false,"expanded":true,"showUIElements":true,"timelineElementsCollections":[]},"type":"instance-track","worldInstance":28,"objectType":"SuccubossBody","project":"cjs99p6wkq9","propertiesBar":{},"visible":true,"locked":false,"expanded":true,"showUIElements":true,"timelineElementsCollections":[]},{"keyframes":[{"time":0,"tags":"","propertiesBar":{},"visible":true,"locked":false,"expanded":true,"showUIElements":true,"timelineElementsCollections":[]},{"time":0.5,"tags":"","propertiesBar":{},"visible":true,"locked":false,"expanded":true,"showUIElements":true,"timelineElementsCollections":[]},{"time":0.7,"tags":"","propertiesBar":{},"visible":true,"locked":false,"expanded":true,"showUIElements":true,"timelineElementsCollections":[]},{"time":1.1,"tags":"","propertiesBar":{"properties":[{"name":"Master keyframe","expanded":true,"children":[{"name":"Ease properties","expanded":true,"children":[]}]}],"scrollPosition":0},"visible":true,"locked":false,"expanded":true,"showUIElements":true,"timelineElementsCollections":[]},{"time":1.2,"tags":"","propertiesBar":{"properties":[{"name":"Master keyframe","expanded":true,"children":[{"name":"Ease properties","expanded":true,"children":[]}]}],"scrollPosition":0},"visible":true,"locked":false,"expanded":true,"showUIElements":true,"timelineElementsCollections":[]}],"propertyTracks":[{"property":"offsetY","source":{"type":"world-instance","uid":29},"propertiesBar":{},"visible":true,"locked":false,"expanded":true,"showUIElements":true,"timelineElementsCollections":[],"propertyKeyframes":[{"time":0,"propertiesBar":{"properties":[{"name":"Property keyframe","expanded":true,"children":[{"name":"Ease properties","expanded":true,"children":[]}]}],"scrollPosition":0},"visible":true,"locked":false,"expanded":true,"showUIElements":true,"timelineElementsCollections":[]},{"time":0.5,"propertiesBar":{},"visible":true,"locked":false,"expanded":true,"showUIElements":true,"timelineElementsCollections":[]},{"time":0.7,"propertiesBar":{},"visible":true,"locked":false,"expanded":true,"showUIElements":true,"timelineElementsCollections":[]},{"time":1.1,"propertiesBar":{},"visible":true,"locked":false,"expanded":true,"showUIElements":true,"timelineElementsCollections":[]},{"time":1.2,"propertiesBar":{},"visible":true,"locked":false,"expanded":true,"showUIElements":true,"timelineElementsCollections":[]}]}],"propertyTracksRoot":{"name":"Property Track Folder","items":[],"subfolders":[],"propertiesBar":{},"visible":true,"locked":false,"expanded":true,"showUIElements":true,"timelineElementsCollections":[]},"type":"instance-track","worldInstance":29,"objectType":"SuccubossHead","project":"cjs99p6wkq9","propertiesBar":{"properties":[{"name":"Master track","expanded":true,"children":[{"name":"Ease properties","expanded":true,"children":[]}]},{"name":"Editor","expanded":true,"children":[]}],"scrollPosition":0},"visible":true,"locked":false,"expanded":true,"showUIElements":true,"timelineElementsCollections":[]},{"keyframes":[{"time":0,"tags":"","propertiesBar":{},"visible":true,"locked":false,"expanded":true,"showUIElements":true,"timelineElementsCollections":[]},{"time":0.3,"tags":"","propertiesBar":{},"visible":true,"locked":false,"expanded":true,"showUIElements":true,"timelineElementsCollections":[]},{"time":0.5,"tags":"","propertiesBar":{},"visible":true,"locked":false,"expanded":true,"showUIElements":true,"timelineElementsCollections":[]},{"time":1,"tags":"","propertiesBar":{},"visible":true,"locked":false,"expanded":true,"showUIElements":true,"timelineElementsCollections":[]},{"time":1.2,"tags":"","propertiesBar":{},"visible":true,"locked":false,"expanded":true,"showUIElements":true,"timelineElementsCollections":[]}],"propertyTracks":[{"property":"offsetX","source":{"type":"world-instance","uid":30},"propertiesBar":{},"visible":true,"locked":false,"expanded":true,"showUIElements":true,"timelineElementsCollections":[],"propertyKeyframes":[{"time":0,"propertiesBar":{},"visible":true,"locked":false,"expanded":true,"showUIElements":true,"timelineElementsCollections":[]},{"time":0.3,"propertiesBar":{},"visible":true,"locked":false,"expanded":true,"showUIElements":true,"timelineElementsCollections":[]},{"time":0.5,"propertiesBar":{},"visible":true,"locked":false,"expanded":true,"showUIElements":true,"timelineElementsCollections":[]},{"time":1,"propertiesBar":{},"visible":true,"locked":false,"expanded":true,"showUIElements":true,"timelineElementsCollections":[]},{"time":1.2,"propertiesBar":{},"visible":true,"locked":false,"expanded":true,"showUIElements":true,"timelineElementsCollections":[]}]},{"property":"offsetY","source":{"type":"world-instance","uid":30},"propertiesBar":{},"visible":true,"locked":false,"expanded":true,"showUIElements":true,"timelineElementsCollections":[],"propertyKeyframes":[{"time":0,"propertiesBar":{},"visible":true,"locked":false,"expanded":true,"showUIElements":true,"timelineElementsCollections":[]},{"time":0.3,"propertiesBar":{},"visible":true,"locked":false,"expanded":true,"showUIElements":true,"timelineElementsCollections":[]},{"time":0.5,"propertiesBar":{},"visible":true,"locked":false,"expanded":true,"showUIElements":true,"timelineElementsCollections":[]},{"time":1,"propertiesBar":{},"visible":true,"locked":false,"expanded":true,"showUIElements":true,"timelineElementsCollections":[]},{"time":1.2,"propertiesBar":{},"visible":true,"locked":false,"expanded":true,"showUIElements":true,"timelineElementsCollections":[]}]},{"property":"offsetWidth","source":{"type":"world-instance","uid":30},"propertiesBar":{"properties":[{"name":"Property track","expanded":true,"children":[{"name":"Ease properties","expanded":true,"children":[]}]},{"name":"Editor","expanded":true,"children":[]}],"scrollPosition":0},"visible":true,"locked":false,"expanded":true,"showUIElements":true,"timelineElementsCollections":[],"propertyKeyframes":[{"time":0,"propertiesBar":{},"visible":true,"locked":false,"expanded":true,"showUIElements":true,"timelineElementsCollections":[]},{"time":0.3,"propertiesBar":{"properties":[{"name":"Property keyframe","expanded":true,"children":[{"name":"Ease properties","expanded":true,"children":[]}]}],"scrollPosition":0},"visible":true,"locked":false,"expanded":true,"showUIElements":true,"timelineElementsCollections":[]},{"time":0.5,"propertiesBar":{"properties":[{"name":"Property keyframe","expanded":true,"children":[{"name":"Ease properties","expanded":true,"children":[]}]}],"scrollPosition":0},"visible":true,"locked":false,"expanded":true,"showUIElements":true,"timelineElementsCollections":[]},{"time":1,"propertiesBar":{},"visible":true,"locked":false,"expanded":true,"showUIElements":true,"timelineElementsCollections":[]},{"time":1.2,"propertiesBar":{},"visible":true,"locked":false,"expanded":true,"showUIElements":true,"timelineElementsCollections":[]}]},{"property":"offsetHeight","source":{"type":"world-instance","uid":30},"propertiesBar":{},"visible":true,"locked":false,"expanded":true,"showUIElements":true,"timelineElementsCollections":[],"propertyKeyframes":[{"time":0,"propertiesBar":{},"visible":true,"locked":false,"expanded":true,"showUIElements":true,"timelineElementsCollections":[]},{"time":0.3,"propertiesBar":{},"visible":true,"locked":false,"expanded":true,"showUIElements":true,"timelineElementsCollections":[]},{"time":0.5,"propertiesBar":{},"visible":true,"locked":false,"expanded":true,"showUIElements":true,"timelineElementsCollections":[]},{"time":1,"propertiesBar":{},"visible":true,"locked":false,"expanded":true,"showUIElements":true,"timelineElementsCollections":[]},{"time":1.2,"propertiesBar":{},"visible":true,"locked":false,"expanded":true,"showUIElements":true,"timelineElementsCollections":[]}]}],"propertyTracksRoot":{"name":"Property Track Folder","items":[],"subfolders":[],"propertiesBar":{},"visible":true,"locked":false,"expanded":true,"showUIElements":true,"timelineElementsCollections":[]},"type":"instance-track","worldInstance":30,"objectType":"SuccubossAccessories","project":"cjs99p6wkq9","propertiesBar":{},"visible":true,"locked":false,"expanded":true,"showUIElements":true,"timelineElementsCollections":[]},{"keyframes":[{"time":0,"tags":"","propertiesBar":{},"visible":true,"locked":false,"expanded":true,"showUIElements":true,"timelineElementsCollections":[]},{"time":0.3,"tags":"","propertiesBar":{},"visible":true,"locked":false,"expanded":true,"showUIElements":true,"timelineElementsCollections":[]},{"time":0.7,"tags":"","propertiesBar":{},"visible":true,"locked":false,"expanded":true,"showUIElements":true,"timelineElementsCollections":[]},{"time":0.9,"tags":"","propertiesBar":{},"visible":true,"locked":false,"expanded":true,"showUIElements":true,"timelineElementsCollections":[]},{"time":1.2,"tags":"","propertiesBar":{},"visible":true,"locked":false,"expanded":true,"showUIElements":true,"timelineElementsCollections":[]}],"propertyTracks":[{"property":"offsetX","source":{"type":"world-instance","uid":70},"propertiesBar":{"properties":[{"name":"Property track","expanded":true,"children":[{"name":"Ease properties","expanded":true,"children":[]}]},{"name":"Editor","expanded":true,"children":[]}],"scrollPosition":0},"visible":true,"locked":false,"expanded":true,"showUIElements":true,"timelineElementsCollections":[],"propertyKeyframes":[{"time":0,"propertiesBar":{},"visible":true,"locked":false,"expanded":true,"showUIElements":true,"timelineElementsCollections":[]},{"time":0.3,"propertiesBar":{},"visible":true,"locked":false,"expanded":true,"showUIElements":true,"timelineElementsCollections":[]},{"time":0.7,"propertiesBar":{},"visible":true,"locked":false,"expanded":true,"showUIElements":true,"timelineElementsCollections":[]},{"time":0.9,"propertiesBar":{},"visible":true,"locked":false,"expanded":true,"showUIElements":true,"timelineElementsCollections":[]},{"time":1.2,"propertiesBar":{},"visible":true,"locked":false,"expanded":true,"showUIElements":true,"timelineElementsCollections":[]}]},{"property":"offsetY","source":{"type":"world-instance","uid":70},"propertiesBar":{},"visible":true,"locked":false,"expanded":true,"showUIElements":true,"timelineElementsCollections":[],"propertyKeyframes":[{"time":0,"propertiesBar":{},"visible":true,"locked":false,"expanded":true,"showUIElements":true,"timelineElementsCollections":[]},{"time":0.3,"propertiesBar":{},"visible":true,"locked":false,"expanded":true,"showUIElements":true,"timelineElementsCollections":[]},{"time":0.7,"propertiesBar":{},"visible":true,"locked":false,"expanded":true,"showUIElements":true,"timelineElementsCollections":[]},{"time":0.9,"propertiesBar":{},"visible":true,"locked":false,"expanded":true,"showUIElements":true,"timelineElementsCollections":[]},{"time":1.2,"propertiesBar":{},"visible":true,"locked":false,"expanded":true,"showUIElements":true,"timelineElementsCollections":[]}]}],"propertyTracksRoot":{"name":"Property Track Folder","items":[],"subfolders":[],"propertiesBar":{},"visible":true,"locked":false,"expanded":true,"showUIElements":true,"timelineElementsCollections":[]},"type":"instance-track","worldInstance":70,"objectType":"SuccubusHorns","project":"cjs99p6wkq9","propertiesBar":{},"visible":true,"locked":false,"expanded":true,"showUIElements":true,"timelineElementsCollections":[]},{"keyframes":[{"time":0,"tags":"","propertiesBar":{},"visible":true,"locked":false,"expanded":true,"showUIElements":true,"timelineElementsCollections":[]},{"time":0.2,"tags":"","propertiesBar":{},"visible":true,"locked":false,"expanded":true,"showUIElements":true,"timelineElementsCollections":[]},{"time":0.6,"tags":"","propertiesBar":{},"visible":true,"locked":false,"expanded":true,"showUIElements":true,"timelineElementsCollections":[]},{"time":0.8,"tags":"","propertiesBar":{},"visible":true,"locked":false,"expanded":true,"showUIElements":true,"timelineElementsCollections":[]},{"time":1.2,"tags":"","propertiesBar":{},"visible":true,"locked":false,"expanded":true,"showUIElements":true,"timelineElementsCollections":[]}],"propertyTracks":[{"property":"offsetX","source":{"type":"world-instance","uid":71},"propertiesBar":{"properties":[{"name":"Property track","expanded":true,"children":[{"name":"Ease properties","expanded":true,"children":[]}]},{"name":"Editor","expanded":true,"children":[]}],"scrollPosition":0},"visible":true,"locked":false,"expanded":true,"showUIElements":true,"timelineElementsCollections":[],"propertyKeyframes":[{"time":0,"propertiesBar":{},"visible":true,"locked":false,"expanded":true,"showUIElements":true,"timelineElementsCollections":[]},{"time":0.2,"propertiesBar":{},"visible":true,"locked":false,"expanded":true,"showUIElements":true,"timelineElementsCollections":[]},{"time":0.6,"propertiesBar":{},"visible":true,"locked":false,"expanded":true,"showUIElements":true,"timelineElementsCollections":[]},{"time":0.8,"propertiesBar":{},"visible":true,"locked":false,"expanded":true,"showUIElements":true,"timelineElementsCollections":[]},{"time":1.2,"propertiesBar":{},"visible":true,"locked":false,"expanded":true,"showUIElements":true,"timelineElementsCollections":[]}]},{"property":"offsetY","source":{"type":"world-instance","uid":71},"propertiesBar":{},"visible":true,"locked":false,"expanded":true,"showUIElements":true,"timelineElementsCollections":[],"propertyKeyframes":[{"time":0,"propertiesBar":{},"visible":true,"locked":false,"expanded":true,"showUIElements":true,"timelineElementsCollections":[]},{"time":0.2,"propertiesBar":{},"visible":true,"locked":false,"expanded":true,"showUIElements":true,"timelineElementsCollections":[]},{"time":0.6,"propertiesBar":{},"visible":true,"locked":false,"expanded":true,"showUIElements":true,"timelineElementsCollections":[]},{"time":0.8,"propertiesBar":{},"visible":true,"locked":false,"expanded":true,"showUIElements":true,"timelineElementsCollections":[]},{"time":1.2,"propertiesBar":{},"visible":true,"locked":false,"expanded":true,"showUIElements":true,"timelineElementsCollections":[]}]}],"propertyTracksRoot":{"name":"Property Track Folder","items":[],"subfolders":[],"propertiesBar":{},"visible":true,"locked":false,"expanded":true,"showUIElements":true,"timelineElementsCollections":[]},"type":"instance-track","worldInstance":71,"objectType":"SuccubossEarring","project":"cjs99p6wkq9","propertiesBar":{},"visible":true,"locked":false,"expanded":true,"showUIElements":true,"timelineElementsCollections":[]},{"keyframes":[{"time":0,"tags":"","propertiesBar":{},"visible":true,"locked":false,"expanded":true,"showUIElements":true,"timelineElementsCollections":[]},{"time":0.3,"tags":"","propertiesBar":{},"visible":true,"locked":false,"expanded":true,"showUIElements":true,"timelineElementsCollections":[]},{"time":0.8,"tags":"","propertiesBar":{},"visible":true,"locked":false,"expanded":true,"showUIElements":true,"timelineElementsCollections":[]},{"time":0.9,"tags":"","propertiesBar":{},"visible":true,"locked":false,"expanded":true,"showUIElements":true,"timelineElementsCollections":[]},{"time":1.2,"tags":"","propertiesBar":{},"visible":true,"locked":false,"expanded":true,"showUIElements":true,"timelineElementsCollections":[]}],"propertyTracks":[{"property":"offsetX","source":{"type":"world-instance","uid":74},"propertiesBar":{},"visible":true,"locked":false,"expanded":true,"showUIElements":true,"timelineElementsCollections":[],"propertyKeyframes":[{"time":0,"propertiesBar":{},"visible":true,"locked":false,"expanded":true,"showUIElements":true,"timelineElementsCollections":[]},{"time":0.3,"propertiesBar":{},"visible":true,"locked":false,"expanded":true,"showUIElements":true,"timelineElementsCollections":[]},{"time":0.8,"propertiesBar":{},"visible":true,"locked":false,"expanded":true,"showUIElements":true,"timelineElementsCollections":[]},{"time":0.9,"propertiesBar":{},"visible":true,"locked":false,"expanded":true,"showUIElements":true,"timelineElementsCollections":[]},{"time":1.2,"propertiesBar":{},"visible":true,"locked":false,"expanded":true,"showUIElements":true,"timelineElementsCollections":[]}]},{"property":"offsetY","source":{"type":"world-instance","uid":74},"propertiesBar":{},"visible":true,"locked":false,"expanded":true,"showUIElements":true,"timelineElementsCollections":[],"propertyKeyframes":[{"time":0,"propertiesBar":{},"visible":true,"locked":false,"expanded":true,"showUIElements":true,"timelineElementsCollections":[]},{"time":0.3,"propertiesBar":{},"visible":true,"locked":false,"expanded":true,"showUIElements":true,"timelineElementsCollections":[]},{"time":0.8,"propertiesBar":{},"visible":true,"locked":false,"expanded":true,"showUIElements":true,"timelineElementsCollections":[]},{"time":0.9,"propertiesBar":{},"visible":true,"locked":false,"expanded":true,"showUIElements":true,"timelineElementsCollections":[]},{"time":1.2,"propertiesBar":{},"visible":true,"locked":false,"expanded":true,"showUIElements":true,"timelineElementsCollections":[]}]},{"property":"offsetAngle","source":{"type":"world-instance","uid":74},"propertiesBar":{"properties":[{"name":"Property track","expanded":true,"children":[{"name":"Ease properties","expanded":true,"children":[]}]},{"name":"Editor","expanded":true,"children":[]}],"scrollPosition":0},"visible":true,"locked":false,"expanded":true,"showUIElements":true,"timelineElementsCollections":[],"propertyKeyframes":[{"time":0,"propertiesBar":{},"visible":true,"locked":false,"expanded":true,"showUIElements":true,"timelineElementsCollections":[]},{"time":0.3,"propertiesBar":{},"visible":true,"locked":false,"expanded":true,"showUIElements":true,"timelineElementsCollections":[]},{"time":0.8,"propertiesBar":{"properties":[{"name":"Property keyframe","expanded":true,"children":[{"name":"Ease properties","expanded":true,"children":[]}]},{"name":"Unique properties","expanded":true,"children":[]}],"scrollPosition":0},"visible":true,"locked":false,"expanded":true,"showUIElements":true,"timelineElementsCollections":[]},{"time":0.9,"propertiesBar":{},"visible":true,"locked":false,"expanded":true,"showUIElements":true,"timelineElementsCollections":[]},{"time":1.2,"propertiesBar":{},"visible":true,"locked":false,"expanded":true,"showUIElements":true,"timelineElementsCollections":[]}]}],"propertyTracksRoot":{"name":"Property Track Folder","items":[],"subfolders":[],"propertiesBar":{},"visible":true,"locked":false,"expanded":true,"showUIElements":true,"timelineElementsCollections":[]},"type":"instance-track","worldInstance":74,"objectType":"SuccubusEar","project":"cjs99p6wkq9","propertiesBar":{"properties":[{"name":"Master track","expanded":true,"children":[{"name":"Ease properties","expanded":true,"children":[]}]},{"name":"Editor","expanded":true,"children":[]}],"scrollPosition":0},"visible":true,"locked":false,"expanded":true,"showUIElements":true,"timelineElementsCollections":[]},{"keyframes":[{"time":0,"tags":"","propertiesBar":{},"visible":true,"locked":false,"expanded":true,"showUIElements":true,"timelineElementsCollections":[]},{"time":0.3,"tags":"","propertiesBar":{},"visible":true,"locked":false,"expanded":true,"showUIElements":true,"timelineElementsCollections":[]},{"time":0.8,"tags":"","propertiesBar":{},"visible":true,"locked":false,"expanded":true,"showUIElements":true,"timelineElementsCollections":[]},{"time":0.9,"tags":"","propertiesBar":{},"visible":true,"locked":false,"expanded":true,"showUIElements":true,"timelineElementsCollections":[]},{"time":1.2,"tags":"","propertiesBar":{},"visible":true,"locked":false,"expanded":true,"showUIElements":true,"timelineElementsCollections":[]}],"propertyTracks":[{"property":"offsetX","source":{"type":"world-instance","uid":73},"propertiesBar":{},"visible":true,"locked":false,"expanded":true,"showUIElements":true,"timelineElementsCollections":[],"propertyKeyframes":[{"time":0,"propertiesBar":{},"visible":true,"locked":false,"expanded":true,"showUIElements":true,"timelineElementsCollections":[]},{"time":0.3,"propertiesBar":{},"visible":true,"locked":false,"expanded":true,"showUIElements":true,"timelineElementsCollections":[]},{"time":0.8,"propertiesBar":{},"visible":true,"locked":false,"expanded":true,"showUIElements":true,"timelineElementsCollections":[]},{"time":0.9,"propertiesBar":{},"visible":true,"locked":false,"expanded":true,"showUIElements":true,"timelineElementsCollections":[]},{"time":1.2,"propertiesBar":{},"visible":true,"locked":false,"expanded":true,"showUIElements":true,"timelineElementsCollections":[]}]},{"property":"offsetY","source":{"type":"world-instance","uid":73},"propertiesBar":{},"visible":true,"locked":false,"expanded":true,"showUIElements":true,"timelineElementsCollections":[],"propertyKeyframes":[{"time":0,"propertiesBar":{},"visible":true,"locked":false,"expanded":true,"showUIElements":true,"timelineElementsCollections":[]},{"time":0.3,"propertiesBar":{},"visible":true,"locked":false,"expanded":true,"showUIElements":true,"timelineElementsCollections":[]},{"time":0.8,"propertiesBar":{},"visible":true,"locked":false,"expanded":true,"showUIElements":true,"timelineElementsCollections":[]},{"time":0.9,"propertiesBar":{},"visible":true,"locked":false,"expanded":true,"showUIElements":true,"timelineElementsCollections":[]},{"time":1.2,"propertiesBar":{},"visible":true,"locked":false,"expanded":true,"showUIElements":true,"timelineElementsCollections":[]}]},{"property":"offsetAngle","source":{"type":"world-instance","uid":73},"propertiesBar":{},"visible":true,"locked":false,"expanded":true,"showUIElements":true,"timelineElementsCollections":[],"propertyKeyframes":[{"time":0,"propertiesBar":{},"visible":true,"locked":false,"expanded":true,"showUIElements":true,"timelineElementsCollections":[]},{"time":0.3,"propertiesBar":{},"visible":true,"locked":false,"expanded":true,"showUIElements":true,"timelineElementsCollections":[]},{"time":0.8,"propertiesBar":{},"visible":true,"locked":false,"expanded":true,"showUIElements":true,"timelineElementsCollections":[]},{"time":0.9,"propertiesBar":{},"visible":true,"locked":false,"expanded":true,"showUIElements":true,"timelineElementsCollections":[]},{"time":1.2,"propertiesBar":{},"visible":true,"locked":false,"expanded":true,"showUIElements":true,"timelineElementsCollections":[]}]}],"propertyTracksRoot":{"name":"Property Track Folder","items":[],"subfolders":[],"propertiesBar":{},"visible":true,"locked":false,"expanded":true,"showUIElements":true,"timelineElementsCollections":[]},"type":"instance-track","worldInstance":73,"objectType":"SuccubusEar","project":"cjs99p6wkq9","propertiesBar":{},"visible":true,"locked":false,"expanded":true,"showUIElements":true,"timelineElementsCollections":[]}],"tracksRoot":{"propertiesBar":{},"visible":true,"locked":false,"expanded":true,"showUIElements":true,"timelineElementsCollections":[],"name":"Track Folder","items":[],"subfolders":[]},"nestedTimelinesRoot":{"propertiesBar":{},"visible":true,"locked":false,"expanded":true,"showUIElements":true,"timelineElementsCollections":[],"name":"Timelines","subfolders":[]}}