{
	"name": "Succuboss",
	"enabled": true,
	"interpolationMode": "default",
	"resultMode": "default",
	"ease": "noease",
	"pathMode": "line",
	"resizeMode": "size",
	"playheadTime": 0.5,
	"totalTime": 1.2,
	"stepTime": 0.1,
	"useStepTime": true,
	"showingInterpolationModes": false,
	"showingResultModes": false,
	"showingEases": false,
	"showingPathModes": false,
	"scale": 1,
	"loop": true,
	"pingPong": false,
	"repeatCount": 1,
	"startOnLayout": "",
	"transformWithSceneGraph": true,
	"ignoreSystemTimescale": true,
	"tracks": [
		{
			"type": "instance-track",
			"worldInstance": 28,
			"objectType": "SuccubossBody",
			"project": "cjs99p6wkq9",
			"enabled": true,
			"interpolationMode": "default",
			"resultMode": "default",
			"ease": "default",
			"pathMode": "default",
			"resizeMode": "default",
			"initialVisibility": true,
			"id": "",
			"virtualPosition": {
				"offsetX": 0,
				"offsetY": 0,
				"useColor": true,
				"colorSet": false,
				"relativeFlags": 2047
			},
			"keyframes": [
				{
					"time": 0,
					"tags": "",
					"enabled": true,
					"ease": "default",
					"pathMode": "default"
				},
				{
					"time": 0.3,
					"tags": "",
					"enabled": true,
					"ease": "default",
					"pathMode": "default"
				},
				{
					"time": 0.5,
					"tags": "",
					"enabled": true,
					"ease": "default",
					"pathMode": "default"
				},
				{
					"time": 1,
					"tags": "",
					"enabled": true,
					"ease": "default",
					"pathMode": "default"
				},
				{
					"time": 1.2,
					"tags": "",
					"enabled": true,
					"ease": "default",
					"pathMode": "default"
				}
			],
			"propertyTracks": [
				{
					"property": "offsetX",
					"source": {
						"type": "world-instance",
						"uid": 28
					},
					"enabled": true,
					"interpolationMode": "default",
					"resultMode": "default",
					"ease": "default",
					"pathMode": "default",
					"propertyKeyframes": [
						{
							"time": 0,
							"enabled": true,
							"resultMode": "default",
							"ease": "default",
							"pathMode": "default",
							"value": 0,
							"rValue": 0,
							"aValue": 320,
							"addons": [
								{
									"id": "cubic-bezier",
									"data": {
										"startAnchor": null,
										"startEnable": false,
										"endAnchor": null,
										"endEnable": false
									}
								}
							]
						},
						{
							"time": 0.3,
							"enabled": true,
							"resultMode": "default",
							"ease": "default",
							"pathMode": "default",
							"value": 0,
							"rValue": 0,
							"aValue": 320,
							"addons": [
								{
									"id": "cubic-bezier",
									"data": {
										"startAnchor": null,
										"startEnable": false,
										"endAnchor": null,
										"endEnable": false
									}
								}
							]
						},
						{
							"time": 0.5,
							"enabled": true,
							"resultMode": "default",
							"ease": "default",
							"pathMode": "default",
							"value": 0,
							"rValue": 0,
							"aValue": 320,
							"addons": [
								{
									"id": "cubic-bezier",
									"data": {
										"startAnchor": null,
										"startEnable": false,
										"endAnchor": null,
										"endEnable": false
									}
								}
							]
						},
						{
							"time": 1,
							"enabled": true,
							"resultMode": "default",
							"ease": "default",
							"pathMode": "default",
							"value": 0,
							"rValue": 0,
							"aValue": 320,
							"addons": [
								{
									"id": "cubic-bezier",
									"data": {
										"startAnchor": null,
										"startEnable": false,
										"endAnchor": null,
										"endEnable": false
									}
								}
							]
						},
						{
							"time": 1.2,
							"enabled": true,
							"resultMode": "default",
							"ease": "default",
							"pathMode": "default",
							"value": 0,
							"rValue": 0,
							"aValue": 320,
							"addons": [
								{
									"id": "cubic-bezier",
									"data": {
										"startAnchor": null,
										"startEnable": false,
										"endAnchor": null,
										"endEnable": false
									}
								}
							]
						}
					]
				},
				{
					"property": "offsetY",
					"source": {
						"type": "world-instance",
						"uid": 28
					},
					"enabled": true,
					"interpolationMode": "default",
					"resultMode": "default",
					"ease": "default",
					"pathMode": "default",
					"propertyKeyframes": [
						{
							"time": 0,
							"enabled": true,
							"resultMode": "default",
							"ease": "default",
							"pathMode": "default",
							"value": 0,
							"rValue": 0,
							"aValue": 214,
							"addons": [
								{
									"id": "cubic-bezier",
									"data": {
										"startAnchor": null,
										"startEnable": false,
										"endAnchor": null,
										"endEnable": false
									}
								}
							]
						},
						{
							"time": 0.3,
							"enabled": true,
							"resultMode": "default",
							"ease": "default",
							"pathMode": "default",
							"value": 2,
							"rValue": 2,
							"aValue": 236,
							"addons": [
								{
									"id": "cubic-bezier",
									"data": {
										"startAnchor": null,
										"startEnable": false,
										"endAnchor": null,
										"endEnable": false
									}
								}
							]
						},
						{
							"time": 0.5,
							"enabled": true,
							"resultMode": "default",
							"ease": "default",
							"pathMode": "default",
							"value": 2,
							"rValue": 2,
							"aValue": 236,
							"addons": [
								{
									"id": "cubic-bezier",
									"data": {
										"startAnchor": null,
										"startEnable": false,
										"endAnchor": null,
										"endEnable": false
									}
								}
							]
						},
						{
							"time": 1,
							"enabled": true,
							"resultMode": "default",
							"ease": "default",
							"pathMode": "default",
							"value": 0,
							"rValue": 0,
							"aValue": 234,
							"addons": [
								{
									"id": "cubic-bezier",
									"data": {
										"startAnchor": null,
										"startEnable": false,
										"endAnchor": null,
										"endEnable": false
									}
								}
							]
						},
						{
							"time": 1.2,
							"enabled": true,
							"resultMode": "default",
							"ease": "default",
							"pathMode": "default",
							"value": 0,
							"rValue": 0,
							"aValue": 214,
							"addons": [
								{
									"id": "cubic-bezier",
									"data": {
										"startAnchor": null,
										"startEnable": false,
										"endAnchor": null,
										"endEnable": false
									}
								}
							]
						}
					]
				}
			],
			"propertyTracksRoot": {
				"enabled": true,
				"interpolationMode": "default",
				"resultMode": "default",
				"ease": "default",
				"pathMode": "default",
				"resizeMode": "default",
				"expanded": true,
				"name": "Property Track Folder",
				"items": [],
				"subfolders": []
			}
		},
		{
			"type": "instance-track",
			"worldInstance": 29,
			"objectType": "SuccubossHead",
			"project": "cjs99p6wkq9",
			"enabled": true,
			"interpolationMode": "default",
			"resultMode": "default",
			"ease": "default",
			"pathMode": "default",
			"resizeMode": "default",
			"initialVisibility": true,
			"id": "",
			"virtualPosition": {
				"offsetY": 0,
				"useColor": true,
				"colorSet": false,
				"relativeFlags": 2047
			},
			"keyframes": [
				{
					"time": 0,
					"tags": "",
					"enabled": true,
					"ease": "default",
					"pathMode": "default"
				},
				{
					"time": 0.5,
					"tags": "",
					"enabled": true,
					"ease": "default",
					"pathMode": "default"
				},
				{
					"time": 0.7,
					"tags": "",
					"enabled": true,
					"ease": "default",
					"pathMode": "default"
				},
				{
					"time": 1.1,
					"tags": "",
					"enabled": true,
					"ease": "default",
					"pathMode": "default"
				},
				{
					"time": 1.2,
					"tags": "",
					"enabled": true,
					"ease": "default",
					"pathMode": "default"
				}
			],
			"propertyTracks": [
				{
					"property": "offsetY",
					"source": {
						"type": "world-instance",
						"uid": 29
					},
					"enabled": true,
					"interpolationMode": "default",
					"resultMode": "default",
					"ease": "default",
					"pathMode": "default",
					"propertyKeyframes": [
						{
							"time": 0,
							"enabled": true,
							"resultMode": "default",
							"ease": "default",
							"pathMode": "default",
							"value": 0,
							"rValue": 0,
							"aValue": 77,
							"addons": [
								{
									"id": "cubic-bezier",
									"data": {
										"startAnchor": null,
										"startEnable": false,
										"endAnchor": null,
										"endEnable": false
									}
								}
							]
						},
						{
							"time": 0.5,
							"enabled": true,
							"resultMode": "default",
							"ease": "default",
							"pathMode": "default",
							"value": 3,
							"rValue": 3,
							"aValue": 100,
							"addons": [
								{
									"id": "cubic-bezier",
									"data": {
										"startAnchor": null,
										"startEnable": false,
										"endAnchor": null,
										"endEnable": false
									}
								}
							]
						},
						{
							"time": 0.7,
							"enabled": true,
							"resultMode": "default",
							"ease": "default",
							"pathMode": "default",
							"value": 3,
							"rValue": 3,
							"aValue": 100,
							"addons": [
								{
									"id": "cubic-bezier",
									"data": {
										"startAnchor": null,
										"startEnable": false,
										"endAnchor": null,
										"endEnable": false
									}
								}
							]
						},
						{
							"time": 1.1,
							"enabled": true,
							"resultMode": "default",
							"ease": "default",
							"pathMode": "default",
							"value": 0,
							"rValue": 0,
							"aValue": 97,
							"addons": [
								{
									"id": "cubic-bezier",
									"data": {
										"startAnchor": null,
										"startEnable": false,
										"endAnchor": null,
										"endEnable": false
									}
								}
							]
						},
						{
							"time": 1.2,
							"enabled": true,
							"resultMode": "default",
							"ease": "default",
							"pathMode": "default",
							"value": 0,
							"rValue": 0,
							"aValue": 97,
							"addons": [
								{
									"id": "cubic-bezier",
									"data": {
										"startAnchor": null,
										"startEnable": false,
										"endAnchor": null,
										"endEnable": false
									}
								}
							]
						}
					]
				}
			],
			"propertyTracksRoot": {
				"enabled": true,
				"interpolationMode": "default",
				"resultMode": "default",
				"ease": "default",
				"pathMode": "default",
				"resizeMode": "default",
				"expanded": true,
				"name": "Property Track Folder",
				"items": [],
				"subfolders": []
			}
		},
		{
			"type": "instance-track",
			"worldInstance": 30,
			"objectType": "SuccubossAccessories",
			"project": "cjs99p6wkq9",
			"enabled": true,
			"interpolationMode": "default",
			"resultMode": "default",
			"ease": "default",
			"pathMode": "default",
			"resizeMode": "default",
			"initialVisibility": true,
			"id": "",
			"virtualPosition": {
				"offsetX": 0,
				"offsetY": 0,
				"offsetWidth": 0,
				"offsetHeight": 0,
				"useColor": true,
				"colorSet": false,
				"relativeFlags": 2047
			},
			"keyframes": [
				{
					"time": 0,
					"tags": "",
					"enabled": true,
					"ease": "default",
					"pathMode": "default"
				},
				{
					"time": 0.3,
					"tags": "",
					"enabled": true,
					"ease": "default",
					"pathMode": "default"
				},
				{
					"time": 0.5,
					"tags": "",
					"enabled": true,
					"ease": "default",
					"pathMode": "default"
				},
				{
					"time": 1,
					"tags": "",
					"enabled": true,
					"ease": "default",
					"pathMode": "default"
				},
				{
					"time": 1.2,
					"tags": "",
					"enabled": true,
					"ease": "default",
					"pathMode": "default"
				}
			],
			"propertyTracks": [
				{
					"property": "offsetX",
					"source": {
						"type": "world-instance",
						"uid": 30
					},
					"enabled": true,
					"interpolationMode": "default",
					"resultMode": "default",
					"ease": "default",
					"pathMode": "default",
					"propertyKeyframes": [
						{
							"time": 0,
							"enabled": true,
							"resultMode": "default",
							"ease": "default",
							"pathMode": "default",
							"value": 0,
							"rValue": 0,
							"aValue": 320,
							"addons": [
								{
									"id": "cubic-bezier",
									"data": {
										"startAnchor": null,
										"startEnable": false,
										"endAnchor": null,
										"endEnable": false
									}
								}
							]
						},
						{
							"time": 0.3,
							"enabled": true,
							"resultMode": "default",
							"ease": "default",
							"pathMode": "default",
							"value": 0,
							"rValue": 0,
							"aValue": 320,
							"addons": [
								{
									"id": "cubic-bezier",
									"data": {
										"startAnchor": null,
										"startEnable": false,
										"endAnchor": null,
										"endEnable": false
									}
								}
							]
						},
						{
							"time": 0.5,
							"enabled": true,
							"resultMode": "default",
							"ease": "default",
							"pathMode": "default",
							"value": 0,
							"rValue": 0,
							"aValue": 320,
							"addons": [
								{
									"id": "cubic-bezier",
									"data": {
										"startAnchor": null,
										"startEnable": false,
										"endAnchor": null,
										"endEnable": false
									}
								}
							]
						},
						{
							"time": 1,
							"enabled": true,
							"resultMode": "default",
							"ease": "default",
							"pathMode": "default",
							"value": 0,
							"rValue": 0,
							"aValue": 320,
							"addons": [
								{
									"id": "cubic-bezier",
									"data": {
										"startAnchor": null,
										"startEnable": false,
										"endAnchor": null,
										"endEnable": false
									}
								}
							]
						},
						{
							"time": 1.2,
							"enabled": true,
							"resultMode": "default",
							"ease": "default",
							"pathMode": "default",
							"value": 0,
							"rValue": 0,
							"aValue": 320,
							"addons": [
								{
									"id": "cubic-bezier",
									"data": {
										"startAnchor": null,
										"startEnable": false,
										"endAnchor": null,
										"endEnable": false
									}
								}
							]
						}
					]
				},
				{
					"property": "offsetY",
					"source": {
						"type": "world-instance",
						"uid": 30
					},
					"enabled": true,
					"interpolationMode": "default",
					"resultMode": "default",
					"ease": "default",
					"pathMode": "default",
					"propertyKeyframes": [
						{
							"time": 0,
							"enabled": true,
							"resultMode": "default",
							"ease": "default",
							"pathMode": "default",
							"value": 0,
							"rValue": 0,
							"aValue": 199,
							"addons": [
								{
									"id": "cubic-bezier",
									"data": {
										"startAnchor": null,
										"startEnable": false,
										"endAnchor": null,
										"endEnable": false
									}
								}
							]
						},
						{
							"time": 0.3,
							"enabled": true,
							"resultMode": "default",
							"ease": "default",
							"pathMode": "default",
							"value": 6,
							"rValue": 6,
							"aValue": 242,
							"addons": [
								{
									"id": "cubic-bezier",
									"data": {
										"startAnchor": null,
										"startEnable": false,
										"endAnchor": null,
										"endEnable": false
									}
								}
							]
						},
						{
							"time": 0.5,
							"enabled": true,
							"resultMode": "default",
							"ease": "default",
							"pathMode": "default",
							"value": 6,
							"rValue": 6,
							"aValue": 242,
							"addons": [
								{
									"id": "cubic-bezier",
									"data": {
										"startAnchor": null,
										"startEnable": false,
										"endAnchor": null,
										"endEnable": false
									}
								}
							]
						},
						{
							"time": 1,
							"enabled": true,
							"resultMode": "default",
							"ease": "default",
							"pathMode": "default",
							"value": 0,
							"rValue": 0,
							"aValue": 236,
							"addons": [
								{
									"id": "cubic-bezier",
									"data": {
										"startAnchor": null,
										"startEnable": false,
										"endAnchor": null,
										"endEnable": false
									}
								}
							]
						},
						{
							"time": 1.2,
							"enabled": true,
							"resultMode": "default",
							"ease": "default",
							"pathMode": "default",
							"value": 0,
							"rValue": 0,
							"aValue": 236,
							"addons": [
								{
									"id": "cubic-bezier",
									"data": {
										"startAnchor": null,
										"startEnable": false,
										"endAnchor": null,
										"endEnable": false
									}
								}
							]
						}
					]
				},
				{
					"property": "offsetWidth",
					"source": {
						"type": "world-instance",
						"uid": 30
					},
					"enabled": true,
					"interpolationMode": "default",
					"resultMode": "default",
					"ease": "default",
					"pathMode": "none",
					"propertyKeyframes": [
						{
							"time": 0,
							"enabled": true,
							"resultMode": "default",
							"ease": "default",
							"pathMode": "none",
							"value": 0,
							"rValue": 0,
							"aValue": 94,
							"addons": []
						},
						{
							"time": 0.3,
							"enabled": true,
							"resultMode": "default",
							"ease": "default",
							"pathMode": "none",
							"value": 0,
							"rValue": 0,
							"aValue": 94,
							"addons": []
						},
						{
							"time": 0.5,
							"enabled": true,
							"resultMode": "default",
							"ease": "default",
							"pathMode": "none",
							"value": 0,
							"rValue": 0,
							"aValue": 96,
							"addons": []
						},
						{
							"time": 1,
							"enabled": true,
							"resultMode": "default",
							"ease": "default",
							"pathMode": "none",
							"value": 0,
							"rValue": 0,
							"aValue": 94,
							"addons": []
						},
						{
							"time": 1.2,
							"enabled": true,
							"resultMode": "default",
							"ease": "default",
							"pathMode": "none",
							"value": 0,
							"rValue": 0,
							"aValue": 94,
							"addons": []
						}
					]
				},
				{
					"property": "offsetHeight",
					"source": {
						"type": "world-instance",
						"uid": 30
					},
					"enabled": true,
					"interpolationMode": "default",
					"resultMode": "default",
					"ease": "default",
					"pathMode": "none",
					"propertyKeyframes": [
						{
							"time": 0,
							"enabled": true,
							"resultMode": "default",
							"ease": "default",
							"pathMode": "none",
							"value": 0,
							"rValue": 0,
							"aValue": 51,
							"addons": []
						},
						{
							"time": 0.3,
							"enabled": true,
							"resultMode": "default",
							"ease": "default",
							"pathMode": "none",
							"value": 0,
							"rValue": 0,
							"aValue": 51,
							"addons": []
						},
						{
							"time": 0.5,
							"enabled": true,
							"resultMode": "default",
							"ease": "default",
							"pathMode": "none",
							"value": -4,
							"rValue": -4,
							"aValue": 48,
							"addons": []
						},
						{
							"time": 1,
							"enabled": true,
							"resultMode": "default",
							"ease": "default",
							"pathMode": "none",
							"value": 0,
							"rValue": 0,
							"aValue": 51,
							"addons": []
						},
						{
							"time": 1.2,
							"enabled": true,
							"resultMode": "default",
							"ease": "default",
							"pathMode": "none",
							"value": 0,
							"rValue": 0,
							"aValue": 51,
							"addons": []
						}
					]
				}
			],
			"propertyTracksRoot": {
				"enabled": true,
				"interpolationMode": "default",
				"resultMode": "default",
				"ease": "default",
				"pathMode": "default",
				"resizeMode": "default",
				"expanded": true,
				"name": "Property Track Folder",
				"items": [],
				"subfolders": []
			}
		},
		{
			"type": "instance-track",
			"worldInstance": 70,
			"objectType": "SuccubusHorns",
			"project": "cjs99p6wkq9",
			"enabled": true,
			"interpolationMode": "default",
			"resultMode": "default",
			"ease": "default",
			"pathMode": "default",
			"resizeMode": "default",
			"initialVisibility": true,
			"id": "",
			"virtualPosition": {
				"offsetX": 0,
				"offsetY": 0,
				"useColor": true,
				"colorSet": false,
				"relativeFlags": 2047
			},
			"keyframes": [
				{
					"time": 0,
					"tags": "",
					"enabled": true,
					"ease": "default",
					"pathMode": "default"
				},
				{
					"time": 0.3,
					"tags": "",
					"enabled": true,
					"ease": "default",
					"pathMode": "default"
				},
				{
					"time": 0.7,
					"tags": "",
					"enabled": true,
					"ease": "default",
					"pathMode": "default"
				},
				{
					"time": 0.9,
					"tags": "",
					"enabled": true,
					"ease": "default",
					"pathMode": "default"
				},
				{
					"time": 1.2,
					"tags": "",
					"enabled": true,
					"ease": "default",
					"pathMode": "default"
				}
			],
			"propertyTracks": [
				{
					"property": "offsetX",
					"source": {
						"type": "world-instance",
						"uid": 70
					},
					"enabled": true,
					"interpolationMode": "default",
					"resultMode": "default",
					"ease": "default",
					"pathMode": "default",
					"propertyKeyframes": [
						{
							"time": 0,
							"enabled": true,
							"resultMode": "default",
							"ease": "default",
							"pathMode": "default",
							"value": 0,
							"rValue": 0,
							"aValue": 320,
							"addons": [
								{
									"id": "cubic-bezier",
									"data": {
										"startAnchor": null,
										"startEnable": false,
										"endAnchor": null,
										"endEnable": false
									}
								}
							]
						},
						{
							"time": 0.3,
							"enabled": true,
							"resultMode": "default",
							"ease": "default",
							"pathMode": "default",
							"value": 0,
							"rValue": 0,
							"aValue": 320,
							"addons": [
								{
									"id": "cubic-bezier",
									"data": {
										"startAnchor": null,
										"startEnable": false,
										"endAnchor": null,
										"endEnable": false
									}
								}
							]
						},
						{
							"time": 0.7,
							"enabled": true,
							"resultMode": "default",
							"ease": "default",
							"pathMode": "default",
							"value": 0,
							"rValue": 0,
							"aValue": 320,
							"addons": [
								{
									"id": "cubic-bezier",
									"data": {
										"startAnchor": null,
										"startEnable": false,
										"endAnchor": null,
										"endEnable": false
									}
								}
							]
						},
						{
							"time": 0.9,
							"enabled": true,
							"resultMode": "default",
							"ease": "default",
							"pathMode": "default",
							"value": 0,
							"rValue": 0,
							"aValue": 320,
							"addons": [
								{
									"id": "cubic-bezier",
									"data": {
										"startAnchor": null,
										"startEnable": false,
										"endAnchor": null,
										"endEnable": false
									}
								}
							]
						},
						{
							"time": 1.2,
							"enabled": true,
							"resultMode": "default",
							"ease": "default",
							"pathMode": "default",
							"value": 0,
							"rValue": 0,
							"aValue": 320,
							"addons": [
								{
									"id": "cubic-bezier",
									"data": {
										"startAnchor": null,
										"startEnable": false,
										"endAnchor": null,
										"endEnable": false
									}
								}
							]
						}
					]
				},
				{
					"property": "offsetY",
					"source": {
						"type": "world-instance",
						"uid": 70
					},
					"enabled": true,
					"interpolationMode": "default",
					"resultMode": "default",
					"ease": "default",
					"pathMode": "default",
					"propertyKeyframes": [
						{
							"time": 0,
							"enabled": true,
							"resultMode": "default",
							"ease": "default",
							"pathMode": "default",
							"value": 0,
							"rValue": 0,
							"aValue": 116,
							"addons": [
								{
									"id": "cubic-bezier",
									"data": {
										"startAnchor": null,
										"startEnable": false,
										"endAnchor": null,
										"endEnable": false
									}
								}
							]
						},
						{
							"time": 0.3,
							"enabled": true,
							"resultMode": "default",
							"ease": "default",
							"pathMode": "default",
							"value": 0,
							"rValue": 0,
							"aValue": 116,
							"addons": [
								{
									"id": "cubic-bezier",
									"data": {
										"startAnchor": null,
										"startEnable": false,
										"endAnchor": null,
										"endEnable": false
									}
								}
							]
						},
						{
							"time": 0.7,
							"enabled": true,
							"resultMode": "default",
							"ease": "default",
							"pathMode": "default",
							"value": 3,
							"rValue": 3,
							"aValue": 119,
							"addons": [
								{
									"id": "cubic-bezier",
									"data": {
										"startAnchor": null,
										"startEnable": false,
										"endAnchor": null,
										"endEnable": false
									}
								}
							]
						},
						{
							"time": 0.9,
							"enabled": true,
							"resultMode": "default",
							"ease": "default",
							"pathMode": "default",
							"value": 3,
							"rValue": 3,
							"aValue": 119,
							"addons": [
								{
									"id": "cubic-bezier",
									"data": {
										"startAnchor": null,
										"startEnable": false,
										"endAnchor": null,
										"endEnable": false
									}
								}
							]
						},
						{
							"time": 1.2,
							"enabled": true,
							"resultMode": "default",
							"ease": "default",
							"pathMode": "default",
							"value": 0,
							"rValue": 0,
							"aValue": 116,
							"addons": [
								{
									"id": "cubic-bezier",
									"data": {
										"startAnchor": null,
										"startEnable": false,
										"endAnchor": null,
										"endEnable": false
									}
								}
							]
						}
					]
				}
			],
			"propertyTracksRoot": {
				"enabled": true,
				"interpolationMode": "default",
				"resultMode": "default",
				"ease": "default",
				"pathMode": "default",
				"resizeMode": "default",
				"expanded": true,
				"name": "Property Track Folder",
				"items": [],
				"subfolders": []
			}
		},
		{
			"type": "instance-track",
			"worldInstance": 71,
			"objectType": "SuccubossEarring",
			"project": "cjs99p6wkq9",
			"enabled": true,
			"interpolationMode": "default",
			"resultMode": "default",
			"ease": "default",
			"pathMode": "default",
			"resizeMode": "default",
			"initialVisibility": true,
			"id": "",
			"virtualPosition": {
				"offsetX": 0,
				"offsetY": 0,
				"useColor": true,
				"colorSet": false,
				"relativeFlags": 2047
			},
			"keyframes": [
				{
					"time": 0,
					"tags": "",
					"enabled": true,
					"ease": "default",
					"pathMode": "default"
				},
				{
					"time": 0.2,
					"tags": "",
					"enabled": true,
					"ease": "default",
					"pathMode": "default"
				},
				{
					"time": 0.6,
					"tags": "",
					"enabled": true,
					"ease": "default",
					"pathMode": "default"
				},
				{
					"time": 0.8,
					"tags": "",
					"enabled": true,
					"ease": "default",
					"pathMode": "default"
				},
				{
					"time": 1.2,
					"tags": "",
					"enabled": true,
					"ease": "default",
					"pathMode": "default"
				}
			],
			"propertyTracks": [
				{
					"property": "offsetX",
					"source": {
						"type": "world-instance",
						"uid": 71
					},
					"enabled": true,
					"interpolationMode": "default",
					"resultMode": "default",
					"ease": "default",
					"pathMode": "default",
					"propertyKeyframes": [
						{
							"time": 0,
							"enabled": true,
							"resultMode": "default",
							"ease": "default",
							"pathMode": "default",
							"value": 0,
							"rValue": 0,
							"aValue": 320,
							"addons": [
								{
									"id": "cubic-bezier",
									"data": {
										"startAnchor": null,
										"startEnable": false,
										"endAnchor": null,
										"endEnable": false
									}
								}
							]
						},
						{
							"time": 0.2,
							"enabled": true,
							"resultMode": "default",
							"ease": "default",
							"pathMode": "default",
							"value": 0,
							"rValue": 0,
							"aValue": 320,
							"addons": [
								{
									"id": "cubic-bezier",
									"data": {
										"startAnchor": null,
										"startEnable": false,
										"endAnchor": null,
										"endEnable": false
									}
								}
							]
						},
						{
							"time": 0.6,
							"enabled": true,
							"resultMode": "default",
							"ease": "default",
							"pathMode": "default",
							"value": 0,
							"rValue": 0,
							"aValue": 320,
							"addons": [
								{
									"id": "cubic-bezier",
									"data": {
										"startAnchor": null,
										"startEnable": false,
										"endAnchor": null,
										"endEnable": false
									}
								}
							]
						},
						{
							"time": 0.8,
							"enabled": true,
							"resultMode": "default",
							"ease": "default",
							"pathMode": "default",
							"value": 0,
							"rValue": 0,
							"aValue": 320,
							"addons": [
								{
									"id": "cubic-bezier",
									"data": {
										"startAnchor": null,
										"startEnable": false,
										"endAnchor": null,
										"endEnable": false
									}
								}
							]
						},
						{
							"time": 1.2,
							"enabled": true,
							"resultMode": "default",
							"ease": "default",
							"pathMode": "default",
							"value": 0,
							"rValue": 0,
							"aValue": 320,
							"addons": [
								{
									"id": "cubic-bezier",
									"data": {
										"startAnchor": null,
										"startEnable": false,
										"endAnchor": null,
										"endEnable": false
									}
								}
							]
						}
					]
				},
				{
					"property": "offsetY",
					"source": {
						"type": "world-instance",
						"uid": 71
					},
					"enabled": true,
					"interpolationMode": "default",
					"resultMode": "default",
					"ease": "default",
					"pathMode": "default",
					"propertyKeyframes": [
						{
							"time": 0,
							"enabled": true,
							"resultMode": "default",
							"ease": "default",
							"pathMode": "default",
							"value": 0,
							"rValue": 0,
							"aValue": 147,
							"addons": [
								{
									"id": "cubic-bezier",
									"data": {
										"startAnchor": null,
										"startEnable": false,
										"endAnchor": null,
										"endEnable": false
									}
								}
							]
						},
						{
							"time": 0.2,
							"enabled": true,
							"resultMode": "default",
							"ease": "default",
							"pathMode": "default",
							"value": 0,
							"rValue": 0,
							"aValue": 147,
							"addons": [
								{
									"id": "cubic-bezier",
									"data": {
										"startAnchor": null,
										"startEnable": false,
										"endAnchor": null,
										"endEnable": false
									}
								}
							]
						},
						{
							"time": 0.6,
							"enabled": true,
							"resultMode": "default",
							"ease": "default",
							"pathMode": "default",
							"value": 3,
							"rValue": 3,
							"aValue": 150,
							"addons": [
								{
									"id": "cubic-bezier",
									"data": {
										"startAnchor": null,
										"startEnable": false,
										"endAnchor": null,
										"endEnable": false
									}
								}
							]
						},
						{
							"time": 0.8,
							"enabled": true,
							"resultMode": "default",
							"ease": "default",
							"pathMode": "default",
							"value": 3,
							"rValue": 3,
							"aValue": 150,
							"addons": [
								{
									"id": "cubic-bezier",
									"data": {
										"startAnchor": null,
										"startEnable": false,
										"endAnchor": null,
										"endEnable": false
									}
								}
							]
						},
						{
							"time": 1.2,
							"enabled": true,
							"resultMode": "default",
							"ease": "default",
							"pathMode": "default",
							"value": 0,
							"rValue": 0,
							"aValue": 147,
							"addons": [
								{
									"id": "cubic-bezier",
									"data": {
										"startAnchor": null,
										"startEnable": false,
										"endAnchor": null,
										"endEnable": false
									}
								}
							]
						}
					]
				}
			],
			"propertyTracksRoot": {
				"enabled": true,
				"interpolationMode": "default",
				"resultMode": "default",
				"ease": "default",
				"pathMode": "default",
				"resizeMode": "default",
				"expanded": true,
				"name": "Property Track Folder",
				"items": [],
				"subfolders": []
			}
		},
		{
			"type": "instance-track",
			"worldInstance": 74,
			"objectType": "SuccubusEar",
			"project": "cjs99p6wkq9",
			"enabled": true,
			"interpolationMode": "default",
			"resultMode": "default",
			"ease": "default",
			"pathMode": "default",
			"resizeMode": "default",
			"initialVisibility": true,
			"id": "",
			"virtualPosition": {
				"offsetX": 0,
				"offsetY": 0,
				"offsetAngle": 0,
				"useColor": true,
				"colorSet": false,
				"relativeFlags": 2047
			},
			"keyframes": [
				{
					"time": 0,
					"tags": "",
					"enabled": true,
					"ease": "default",
					"pathMode": "default"
				},
				{
					"time": 0.3,
					"tags": "",
					"enabled": true,
					"ease": "default",
					"pathMode": "default"
				},
				{
					"time": 0.8,
					"tags": "",
					"enabled": true,
					"ease": "default",
					"pathMode": "default"
				},
				{
					"time": 0.9,
					"tags": "",
					"enabled": true,
					"ease": "default",
					"pathMode": "default"
				},
				{
					"time": 1.2,
					"tags": "",
					"enabled": true,
					"ease": "default",
					"pathMode": "default"
				}
			],
			"propertyTracks": [
				{
					"property": "offsetX",
					"source": {
						"type": "world-instance",
						"uid": 74
					},
					"enabled": true,
					"interpolationMode": "default",
					"resultMode": "default",
					"ease": "default",
					"pathMode": "default",
					"propertyKeyframes": [
						{
							"time": 0,
							"enabled": true,
							"resultMode": "default",
							"ease": "default",
							"pathMode": "default",
							"value": 0,
							"rValue": 0,
							"aValue": 360,
							"addons": [
								{
									"id": "cubic-bezier",
									"data": {
										"startAnchor": null,
										"startEnable": false,
										"endAnchor": null,
										"endEnable": false
									}
								}
							]
						},
						{
							"time": 0.3,
							"enabled": true,
							"resultMode": "default",
							"ease": "default",
							"pathMode": "default",
							"value": 0,
							"rValue": 0,
							"aValue": 360,
							"addons": [
								{
									"id": "cubic-bezier",
									"data": {
										"startAnchor": null,
										"startEnable": false,
										"endAnchor": null,
										"endEnable": false
									}
								}
							]
						},
						{
							"time": 0.8,
							"enabled": true,
							"resultMode": "default",
							"ease": "default",
							"pathMode": "default",
							"value": 0,
							"rValue": 0,
							"aValue": 360,
							"addons": [
								{
									"id": "cubic-bezier",
									"data": {
										"startAnchor": null,
										"startEnable": false,
										"endAnchor": null,
										"endEnable": false
									}
								}
							]
						},
						{
							"time": 0.9,
							"enabled": true,
							"resultMode": "default",
							"ease": "default",
							"pathMode": "default",
							"value": 0,
							"rValue": 0,
							"aValue": 360,
							"addons": [
								{
									"id": "cubic-bezier",
									"data": {
										"startAnchor": null,
										"startEnable": false,
										"endAnchor": null,
										"endEnable": false
									}
								}
							]
						},
						{
							"time": 1.2,
							"enabled": true,
							"resultMode": "default",
							"ease": "default",
							"pathMode": "default",
							"value": 0,
							"rValue": 0,
							"aValue": 360,
							"addons": [
								{
									"id": "cubic-bezier",
									"data": {
										"startAnchor": null,
										"startEnable": false,
										"endAnchor": null,
										"endEnable": false
									}
								}
							]
						}
					]
				},
				{
					"property": "offsetY",
					"source": {
						"type": "world-instance",
						"uid": 74
					},
					"enabled": true,
					"interpolationMode": "default",
					"resultMode": "default",
					"ease": "default",
					"pathMode": "default",
					"propertyKeyframes": [
						{
							"time": 0,
							"enabled": true,
							"resultMode": "default",
							"ease": "default",
							"pathMode": "default",
							"value": 0,
							"rValue": 0,
							"aValue": 165,
							"addons": [
								{
									"id": "cubic-bezier",
									"data": {
										"startAnchor": null,
										"startEnable": false,
										"endAnchor": null,
										"endEnable": false
									}
								}
							]
						},
						{
							"time": 0.3,
							"enabled": true,
							"resultMode": "default",
							"ease": "default",
							"pathMode": "default",
							"value": 0,
							"rValue": 0,
							"aValue": 165,
							"addons": [
								{
									"id": "cubic-bezier",
									"data": {
										"startAnchor": null,
										"startEnable": false,
										"endAnchor": null,
										"endEnable": false
									}
								}
							]
						},
						{
							"time": 0.8,
							"enabled": true,
							"resultMode": "default",
							"ease": "default",
							"pathMode": "default",
							"value": 3,
							"rValue": 3,
							"aValue": 168,
							"addons": [
								{
									"id": "cubic-bezier",
									"data": {
										"startAnchor": null,
										"startEnable": false,
										"endAnchor": null,
										"endEnable": false
									}
								}
							]
						},
						{
							"time": 0.9,
							"enabled": true,
							"resultMode": "default",
							"ease": "default",
							"pathMode": "default",
							"value": 3,
							"rValue": 3,
							"aValue": 168,
							"addons": [
								{
									"id": "cubic-bezier",
									"data": {
										"startAnchor": null,
										"startEnable": false,
										"endAnchor": null,
										"endEnable": false
									}
								}
							]
						},
						{
							"time": 1.2,
							"enabled": true,
							"resultMode": "default",
							"ease": "default",
							"pathMode": "default",
							"value": 1,
							"rValue": 1,
							"aValue": 166,
							"addons": [
								{
									"id": "cubic-bezier",
									"data": {
										"startAnchor": null,
										"startEnable": false,
										"endAnchor": null,
										"endEnable": false
									}
								}
							]
						}
					]
				},
				{
					"property": "offsetAngle",
					"source": {
						"type": "world-instance",
						"uid": 74
					},
					"enabled": true,
					"interpolationMode": "default",
					"resultMode": "default",
					"ease": "default",
					"pathMode": "none",
					"propertyKeyframes": [
						{
							"time": 0,
							"enabled": true,
							"resultMode": "default",
							"ease": "default",
							"pathMode": "none",
							"value": 0,
							"rValue": 0,
							"aValue": 0,
							"addons": [
								{
									"id": "angle",
									"data": {
										"direction": "closest",
										"revolutions": 0
									}
								}
							]
						},
						{
							"time": 0.3,
							"enabled": true,
							"resultMode": "default",
							"ease": "default",
							"pathMode": "none",
							"value": 0,
							"rValue": 0,
							"aValue": 0,
							"addons": [
								{
									"id": "angle",
									"data": {
										"direction": "closest",
										"revolutions": 0
									}
								}
							]
						},
						{
							"time": 0.8,
							"enabled": true,
							"resultMode": "default",
							"ease": "default",
							"pathMode": "none",
							"value": 0.08726646259971647,
							"rValue": 0.08726646259971647,
							"aValue": 0.08726646259971647,
							"addons": [
								{
									"id": "angle",
									"data": {
										"direction": "closest",
										"revolutions": 0
									}
								}
							]
						},
						{
							"time": 0.9,
							"enabled": true,
							"resultMode": "default",
							"ease": "default",
							"pathMode": "none",
							"value": 0.08726646259971647,
							"rValue": 0.08726646259971647,
							"aValue": 0.08726646259971647,
							"addons": [
								{
									"id": "angle",
									"data": {
										"direction": "closest",
										"revolutions": 0
									}
								}
							]
						},
						{
							"time": 1.2,
							"enabled": true,
							"resultMode": "default",
							"ease": "default",
							"pathMode": "none",
							"value": 0,
							"rValue": 0,
							"aValue": 0,
							"addons": [
								{
									"id": "angle",
									"data": {
										"direction": "closest",
										"revolutions": 0
									}
								}
							]
						}
					]
				}
			],
			"propertyTracksRoot": {
				"enabled": true,
				"interpolationMode": "default",
				"resultMode": "default",
				"ease": "default",
				"pathMode": "default",
				"resizeMode": "default",
				"expanded": true,
				"name": "Property Track Folder",
				"items": [],
				"subfolders": []
			}
		},
		{
			"type": "instance-track",
			"worldInstance": 73,
			"objectType": "SuccubusEar",
			"project": "cjs99p6wkq9",
			"enabled": true,
			"interpolationMode": "default",
			"resultMode": "default",
			"ease": "default",
			"pathMode": "default",
			"resizeMode": "default",
			"initialVisibility": true,
			"id": "",
			"virtualPosition": {
				"offsetX": 0,
				"offsetY": 0,
				"offsetAngle": 0,
				"useColor": true,
				"colorSet": false,
				"relativeFlags": 2047
			},
			"keyframes": [
				{
					"time": 0,
					"tags": "",
					"enabled": true,
					"ease": "default",
					"pathMode": "default"
				},
				{
					"time": 0.3,
					"tags": "",
					"enabled": true,
					"ease": "default",
					"pathMode": "default"
				},
				{
					"time": 0.8,
					"tags": "",
					"enabled": true,
					"ease": "default",
					"pathMode": "default"
				},
				{
					"time": 0.9,
					"tags": "",
					"enabled": true,
					"ease": "default",
					"pathMode": "default"
				},
				{
					"time": 1.2,
					"tags": "",
					"enabled": true,
					"ease": "default",
					"pathMode": "default"
				}
			],
			"propertyTracks": [
				{
					"property": "offsetX",
					"source": {
						"type": "world-instance",
						"uid": 73
					},
					"enabled": true,
					"interpolationMode": "default",
					"resultMode": "default",
					"ease": "default",
					"pathMode": "default",
					"propertyKeyframes": [
						{
							"time": 0,
							"enabled": true,
							"resultMode": "default",
							"ease": "default",
							"pathMode": "default",
							"value": 0,
							"rValue": 0,
							"aValue": 277,
							"addons": [
								{
									"id": "cubic-bezier",
									"data": {
										"startAnchor": null,
										"startEnable": false,
										"endAnchor": null,
										"endEnable": false
									}
								}
							]
						},
						{
							"time": 0.3,
							"enabled": true,
							"resultMode": "default",
							"ease": "default",
							"pathMode": "default",
							"value": 0,
							"rValue": 0,
							"aValue": 277,
							"addons": [
								{
									"id": "cubic-bezier",
									"data": {
										"startAnchor": null,
										"startEnable": false,
										"endAnchor": null,
										"endEnable": false
									}
								}
							]
						},
						{
							"time": 0.8,
							"enabled": true,
							"resultMode": "default",
							"ease": "default",
							"pathMode": "default",
							"value": 0,
							"rValue": 0,
							"aValue": 277,
							"addons": [
								{
									"id": "cubic-bezier",
									"data": {
										"startAnchor": null,
										"startEnable": false,
										"endAnchor": null,
										"endEnable": false
									}
								}
							]
						},
						{
							"time": 0.9,
							"enabled": true,
							"resultMode": "default",
							"ease": "default",
							"pathMode": "default",
							"value": 0,
							"rValue": 0,
							"aValue": 277,
							"addons": [
								{
									"id": "cubic-bezier",
									"data": {
										"startAnchor": null,
										"startEnable": false,
										"endAnchor": null,
										"endEnable": false
									}
								}
							]
						},
						{
							"time": 1.2,
							"enabled": true,
							"resultMode": "default",
							"ease": "default",
							"pathMode": "default",
							"value": 0,
							"rValue": 0,
							"aValue": 277,
							"addons": [
								{
									"id": "cubic-bezier",
									"data": {
										"startAnchor": null,
										"startEnable": false,
										"endAnchor": null,
										"endEnable": false
									}
								}
							]
						}
					]
				},
				{
					"property": "offsetY",
					"source": {
						"type": "world-instance",
						"uid": 73
					},
					"enabled": true,
					"interpolationMode": "default",
					"resultMode": "default",
					"ease": "default",
					"pathMode": "default",
					"propertyKeyframes": [
						{
							"time": 0,
							"enabled": true,
							"resultMode": "default",
							"ease": "default",
							"pathMode": "default",
							"value": 0,
							"rValue": 0,
							"aValue": 164,
							"addons": [
								{
									"id": "cubic-bezier",
									"data": {
										"startAnchor": null,
										"startEnable": false,
										"endAnchor": null,
										"endEnable": false
									}
								}
							]
						},
						{
							"time": 0.3,
							"enabled": true,
							"resultMode": "default",
							"ease": "default",
							"pathMode": "default",
							"value": 0,
							"rValue": 0,
							"aValue": 164,
							"addons": [
								{
									"id": "cubic-bezier",
									"data": {
										"startAnchor": null,
										"startEnable": false,
										"endAnchor": null,
										"endEnable": false
									}
								}
							]
						},
						{
							"time": 0.8,
							"enabled": true,
							"resultMode": "default",
							"ease": "default",
							"pathMode": "default",
							"value": 3,
							"rValue": 3,
							"aValue": 167,
							"addons": [
								{
									"id": "cubic-bezier",
									"data": {
										"startAnchor": null,
										"startEnable": false,
										"endAnchor": null,
										"endEnable": false
									}
								}
							]
						},
						{
							"time": 0.9,
							"enabled": true,
							"resultMode": "default",
							"ease": "default",
							"pathMode": "default",
							"value": 3,
							"rValue": 3,
							"aValue": 167,
							"addons": [
								{
									"id": "cubic-bezier",
									"data": {
										"startAnchor": null,
										"startEnable": false,
										"endAnchor": null,
										"endEnable": false
									}
								}
							]
						},
						{
							"time": 1.2,
							"enabled": true,
							"resultMode": "default",
							"ease": "default",
							"pathMode": "default",
							"value": 1,
							"rValue": 1,
							"aValue": 165,
							"addons": [
								{
									"id": "cubic-bezier",
									"data": {
										"startAnchor": null,
										"startEnable": false,
										"endAnchor": null,
										"endEnable": false
									}
								}
							]
						}
					]
				},
				{
					"property": "offsetAngle",
					"source": {
						"type": "world-instance",
						"uid": 73
					},
					"enabled": true,
					"interpolationMode": "default",
					"resultMode": "default",
					"ease": "default",
					"pathMode": "none",
					"propertyKeyframes": [
						{
							"time": 0,
							"enabled": true,
							"resultMode": "default",
							"ease": "default",
							"pathMode": "none",
							"value": 0,
							"rValue": 0,
							"aValue": 0,
							"addons": [
								{
									"id": "angle",
									"data": {
										"direction": "closest",
										"revolutions": 0
									}
								}
							]
						},
						{
							"time": 0.3,
							"enabled": true,
							"resultMode": "default",
							"ease": "default",
							"pathMode": "none",
							"value": 0,
							"rValue": 0,
							"aValue": 0,
							"addons": [
								{
									"id": "angle",
									"data": {
										"direction": "closest",
										"revolutions": 0
									}
								}
							]
						},
						{
							"time": 0.8,
							"enabled": true,
							"resultMode": "default",
							"ease": "default",
							"pathMode": "none",
							"value": -0.08726646259971647,
							"rValue": -0.08726646259971647,
							"aValue": -0.08726646259971647,
							"addons": [
								{
									"id": "angle",
									"data": {
										"direction": "closest",
										"revolutions": 0
									}
								}
							]
						},
						{
							"time": 0.9,
							"enabled": true,
							"resultMode": "default",
							"ease": "default",
							"pathMode": "none",
							"value": 6.19591884457987,
							"rValue": 6.19591884457987,
							"aValue": 6.19591884457987,
							"addons": [
								{
									"id": "angle",
									"data": {
										"direction": "closest",
										"revolutions": 0
									}
								}
							]
						},
						{
							"time": 1.2,
							"enabled": true,
							"resultMode": "default",
							"ease": "default",
							"pathMode": "none",
							"value": 0,
							"rValue": 0,
							"aValue": 0,
							"addons": [
								{
									"id": "angle",
									"data": {
										"direction": "closest",
										"revolutions": 0
									}
								}
							]
						}
					]
				}
			],
			"propertyTracksRoot": {
				"enabled": true,
				"interpolationMode": "default",
				"resultMode": "default",
				"ease": "default",
				"pathMode": "default",
				"resizeMode": "default",
				"expanded": true,
				"name": "Property Track Folder",
				"items": [],
				"subfolders": []
			}
		}
	],
	"tracksRoot": {
		"enabled": true,
		"interpolationMode": "default",
		"resultMode": "default",
		"ease": "default",
		"pathMode": "default",
		"resizeMode": "default",
		"expanded": true,
		"name": "Track Folder",
		"items": [],
		"subfolders": []
	},
	"nestedTimelinesRoot": {
		"enabled": true,
		"interpolationMode": "default",
		"resultMode": "default",
		"ease": "default",
		"pathMode": "default",
		"resizeMode": "default",
		"expanded": true,
		"name": "Timelines",
		"items": [],
		"subfolders": []
	},
	"nestedData": {},
	"transitionsData": []
}